Player,Nation,Team,Position,Age,Matches Played,Starts,Minutes,Gls,Ast,crdY,crdR,xG,xAG,PrgC,PrgP,PrgR,Gls per 90,Ast per 90,xG per 90,xAG per 90,GA90,Save%,CS%,PK Save%,SoT%,SoT per 90,G per Sh,Dist,Cmp,Cmp%,TotDist,ShortCmp%,MedCmp%,LongCmp%,KP,Pass into 1_3,PPA,CrsPA,SCA,SCA90,GCA,GCA90,Tkl,TklW,Deff Att,Lost,Blocks,Sh,Pass,Int,Touches,Def Pen,Def 3rd,Mid 3rd,Att 3rd,Att Pen,Take-Ons Att,Succ%,Tkld%,Carries,ProDist,Carries 1_3,CPA,Mis,Dis,Rec,Rec PrgR,Fls,Fld,Off,Crs,Recov,Aerl Won,Aerl Lost,Aerl Won%
Aaron Ramsdale,ENG,Southampton,GK,26.96,26,26,2340,0,0,2,0,0.0,0.0,0,0,0,0.0,0.0,0.0,0.0,2.31,67.5,7.7,28.6,,0.0,,,691,64.4,19407,99.5,95.9,38.7,0,32,1,0,3.0,0.12,0.0,0.0,0,0,2,2,0,0,0,2,1154,835,1132,25,0,0,0,,,701,2092,0,0,2,0,628,0,1,4,0,0,19,5,0,100.0
Aaron Wan-Bissaka,ENG,West Ham,DF,27.42,32,31,2794,2,2,1,0,1.2,2.9,98,125,139,0.06,0.06,0.04,0.09,,,,,33.3,0.16,0.13,15.3,1277,81.1,18273,90.0,82.0,47.4,29,89,30,11,83.0,2.67,7.0,0.23,61,43,26,7,31,9,22,59,1960,136,620,838,531,40,101,53.5,34.7,933,3303,57,12,28,21,1135,139,22,24,4,64,155,22,29,43.1
Abdoulaye Doucouré,MLI,Everton,MF,32.33,30,29,2425,3,1,5,1,3.9,2.3,40,78,91,0.11,0.04,0.14,0.09,,,,,31.0,0.33,0.1,13.8,676,79.6,10229,85.1,83.1,72.7,26,44,14,0,54.0,2.0,2.0,0.07,45,27,39,26,30,6,24,9,1090,31,218,502,385,59,43,53.5,46.5,571,1339,24,8,33,35,705,91,46,5,10,23,139,29,43,40.3
Adam Armstrong,ENG,Southampton,"FW,MF",28.22,20,15,1248,2,2,4,0,3.3,1.2,25,21,79,0.14,0.14,0.24,0.09,,,,,28.0,0.5,0.08,16.6,231,80.2,3320,87.3,85.3,46.2,9,10,8,2,19.0,1.37,4.0,0.29,12,3,14,11,6,1,5,3,377,11,44,143,192,49,14,42.9,57.1,235,599,13,6,11,18,286,79,12,5,9,14,23,5,9,35.7
Adam Smith,ENG,Bournemouth,DF,34.0,22,17,1409,0,0,6,0,0.7,0.3,12,40,31,0.0,0.0,0.04,0.02,,,,,0.0,0.0,0.0,16.9,436,75.7,7088,88.0,78.1,37.5,7,41,8,5,20.0,1.28,2.0,0.13,21,10,25,13,12,5,7,14,707,39,217,332,162,6,15,40.0,40.0,305,585,15,0,10,6,333,31,15,11,0,30,43,12,13,48.0
Adam Wharton,ENG,Crystal Palace,MF,20.91,19,15,1258,0,2,2,0,0.3,3.0,14,105,10,0.0,0.14,0.02,0.21,,,,,41.7,0.36,0.0,25.8,521,75.6,9826,82.1,80.6,65.0,25,73,18,5,56.0,4.01,6.0,0.43,34,14,43,26,10,2,8,18,827,27,196,439,198,10,10,20.0,80.0,413,1021,22,2,14,13,509,10,12,21,0,35,96,7,16,30.4
Adama Traoré,ESP,Fulham,"FW,MF",29.26,32,16,1568,2,6,2,0,3.8,4.7,87,61,143,0.11,0.34,0.22,0.27,,,,,30.6,0.63,0.06,14.4,383,72.0,5972,81.2,73.4,55.3,37,32,32,17,73.0,4.19,9.0,0.52,17,12,13,8,7,0,7,1,725,4,74,258,415,86,88,50.0,37.5,483,2232,42,33,32,19,548,143,20,29,1,90,78,24,25,49.0
Alejandro Garnacho,ARG,Manchester Utd,"MF,FW",20.83,33,22,2056,5,1,2,0,7.0,3.6,134,54,274,0.22,0.04,0.31,0.16,,,,,34.6,1.23,0.06,17.1,600,79.1,8376,89.0,82.9,57.4,30,20,22,3,74.0,3.24,4.0,0.18,28,18,34,23,19,0,19,13,1078,13,120,340,636,164,85,30.6,60.0,783,3035,70,65,61,47,829,274,11,40,10,50,103,3,23,11.5
Alex Iwobi,NGA,Fulham,"FW,MF",28.99,34,32,2721,9,6,1,0,4.5,6.5,132,196,221,0.3,0.2,0.15,0.22,,,,,44.3,0.89,0.15,18.3,1037,74.4,17737,85.8,77.5,54.2,53,106,77,16,112.0,3.7,16.0,0.53,37,21,28,11,25,1,24,11,1693,31,225,678,815,107,86,48.8,45.3,1200,4024,99,37,54,38,1321,221,17,16,4,118,124,5,31,13.9
Alexander Isak,SWE,Newcastle Utd,FW,25.61,31,31,2487,22,6,1,0,19.0,4.0,77,77,196,0.8,0.22,0.69,0.15,,,,,42.5,1.34,0.22,14.5,459,74.0,6537,83.2,77.5,62.2,38,32,26,1,85.0,3.08,14.0,0.51,12,5,12,7,18,2,16,3,933,20,54,348,545,175,88,47.7,50.0,558,1723,40,43,62,50,659,196,25,13,20,15,54,25,48,34.2
Alexis Mac Allister,ARG,Liverpool,MF,26.35,33,30,2553,5,4,6,0,2.8,4.4,34,170,78,0.18,0.14,0.1,0.16,,,,,34.2,0.46,0.13,18.1,1245,83.4,19843,90.1,88.3,55.2,43,118,34,2,118.0,4.16,14.0,0.49,95,58,101,46,60,6,54,22,1827,55,279,944,624,60,42,38.1,50.0,893,1924,41,5,31,22,1203,78,60,39,2,84,145,19,34,35.8
Alisson,BRA,Liverpool,GK,32.58,24,24,2148,0,0,0,0,0.0,0.6,0,0,0,0.0,0.0,0.0,0.02,0.84,71.8,37.5,,,0.0,,,630,83.1,13996,98.9,98.5,47.8,1,10,0,0,6.0,0.25,1.0,0.04,1,0,1,1,0,0,0,0,801,577,786,15,0,0,1,100.0,0.0,509,1152,0,0,1,0,485,0,0,2,0,0,41,6,0,100.0
Alphonse Areola,FRA,West Ham,GK,32.17,23,22,1990,0,0,0,0,0.0,0.0,0,0,0,0.0,0.0,0.0,0.0,1.72,63.1,18.2,,,0.0,,,615,70.4,16400,99.3,95.2,43.4,0,9,0,0,3.0,0.14,0.0,0.0,2,2,3,1,0,0,0,0,927,740,918,10,0,0,0,,,530,1174,0,0,0,0,481,0,0,0,0,0,27,2,0,100.0
Amad Diallo,CIV,Manchester Utd,"FW,MF",22.8,22,17,1594,6,6,3,0,4.1,3.9,92,53,159,0.34,0.34,0.23,0.22,,,,,32.5,0.73,0.15,17.7,658,82.9,9051,90.4,85.3,52.4,39,25,29,5,80.0,4.52,16.0,0.9,33,26,26,11,10,0,10,11,1012,13,150,374,504,109,72,50.0,44.4,656,2294,46,52,35,32,714,159,19,23,9,38,93,9,15,37.5
Amadou Onana,BEL,Aston Villa,MF,23.7,22,17,1348,3,0,4,0,2.1,0.3,20,58,13,0.2,0.0,0.14,0.02,,,,,35.3,0.4,0.18,14.7,589,88.4,9251,94.4,89.9,71.4,7,52,8,1,25.0,1.67,4.0,0.27,46,24,24,10,14,6,8,24,836,60,227,490,132,20,17,64.7,17.6,459,1237,20,1,10,9,563,13,30,23,0,1,64,25,18,58.1
Andreas Pereira,BRA,Fulham,MF,29.33,31,23,1879,2,4,7,0,3.5,4.5,27,99,78,0.1,0.19,0.17,0.21,,,,,22.9,0.38,0.06,22.1,641,68.9,11658,83.6,78.3,41.0,56,64,19,4,101.0,4.84,8.0,0.38,22,12,40,30,16,2,14,8,1096,17,156,446,511,39,29,44.8,27.6,556,1266,35,8,26,21,648,78,27,23,1,168,97,12,21,36.4
Andrew Robertson,SCO,Liverpool,DF,31.14,31,27,2308,0,0,3,1,1.0,4.1,58,165,95,0.0,0.0,0.04,0.16,,,,,15.4,0.08,0.0,14.5,1456,83.0,24521,94.1,86.8,46.8,38,144,28,16,75.0,2.92,3.0,0.12,38,22,47,17,9,4,5,20,1947,86,500,882,578,50,18,38.9,55.6,1028,2588,48,6,25,11,1302,95,11,8,2,136,91,6,12,33.3
André,BRA,Wolves,MF,23.79,29,27,2170,0,0,7,0,0.4,0.7,8,92,11,0.0,0.0,0.01,0.03,,,,,12.5,0.04,0.0,25.8,1074,92.7,16897,95.3,95.2,79.3,14,97,4,0,43.0,1.78,3.0,0.12,76,46,56,24,40,8,32,32,1402,80,380,905,131,3,26,50.0,34.6,768,1386,14,0,27,17,941,11,34,32,0,0,172,2,6,25.0
André Onana,CMR,Manchester Utd,GK,29.08,33,33,2970,0,0,0,0,0.0,0.2,0,1,0,0.0,0.0,0.0,0.01,1.3,69.0,27.3,25.0,,0.0,,,920,73.1,21868,99.1,99.0,36.3,1,24,0,0,4.0,0.12,0.0,0.0,1,1,3,2,0,0,0,0,1323,1005,1302,22,0,0,0,,,932,2615,0,0,1,0,810,0,0,2,0,0,33,6,0,100.0
Anthony Elanga,SWE,Nott'ham Forest,FW,23.01,33,26,2052,6,9,1,0,3.9,4.4,79,47,164,0.26,0.39,0.17,0.19,,,,,45.7,0.7,0.17,16.8,426,65.3,6133,84.1,63.2,34.3,40,26,23,7,82.0,3.6,14.0,0.61,17,12,16,12,9,1,8,5,900,29,124,259,533,86,73,30.1,46.6,468,2071,41,36,65,35,592,164,7,32,13,142,79,22,33,40.0
Anthony Gordon,ENG,Newcastle Utd,FW,24.18,30,25,2200,6,5,2,0,8.0,4.9,109,92,194,0.25,0.2,0.33,0.2,,,,,29.1,0.65,0.09,16.6,661,73.1,10125,86.1,77.7,42.2,50,59,50,16,98.0,4.01,12.0,0.49,31,17,34,22,24,2,22,6,1165,16,115,439,630,123,96,36.5,46.9,748,2978,55,55,28,35,838,194,19,62,8,120,92,5,7,41.7
Antoine Semenyo,GHA,Bournemouth,FW,25.31,33,33,2907,9,4,9,0,9.3,5.7,132,106,259,0.28,0.12,0.29,0.18,,,,,31.4,1.15,0.08,17.2,728,73.3,10406,84.9,76.6,37.8,44,48,44,8,122.0,3.78,12.0,0.37,53,34,42,26,59,8,51,10,1485,44,181,520,817,176,123,52.0,40.7,898,3357,64,64,78,71,1032,259,65,36,14,52,147,60,72,45.5
Antonee Robinson,USA,Fulham,DF,27.73,33,32,2899,0,10,8,0,0.7,4.1,110,120,257,0.0,0.31,0.02,0.13,,,,,12.5,0.06,0.0,22.1,1482,76.5,25356,86.5,78.9,56.6,41,109,50,26,74.0,2.3,11.0,0.34,84,56,86,43,36,6,30,56,2339,121,741,893,739,65,75,44.0,41.3,1252,3937,59,29,40,18,1402,257,30,17,6,158,142,45,25,64.3
Archie Gray,ENG,Tottenham,"DF,MF",19.13,24,15,1391,0,0,0,0,0.0,0.1,5,32,15,0.0,0.0,0.0,0.01,,,,,100.0,0.06,0.0,24.6,912,88.6,15954,92.6,92.9,60.7,2,37,0,0,5.0,0.32,0.0,0.0,12,6,16,10,19,10,9,12,1138,134,546,520,82,2,10,50.0,40.0,798,1496,5,0,9,10,860,15,9,11,0,12,57,9,8,52.9
Arijanet Muric,KVX,Ipswich Town,GK,26.48,18,18,1620,0,0,1,0,0.0,0.0,0,1,0,0.0,0.0,0.0,0.0,1.83,70.0,5.6,0.0,,0.0,,,454,71.7,11705,100.0,97.3,40.6,0,14,0,0,1.0,0.06,0.0,0.0,0,0,2,2,0,0,0,0,689,559,672,18,0,0,0,,,405,1178,0,0,3,1,321,0,0,4,0,0,26,11,1,91.7
Ashley Young,ENG,Everton,"DF,FW",39.81,28,17,1613,1,3,6,1,0.3,1.6,20,82,26,0.06,0.17,0.01,0.09,,,,,50.0,0.17,0.17,24.5,606,70.0,11151,87.9,76.1,40.4,19,71,18,9,37.0,2.06,6.0,0.33,50,28,50,19,10,3,7,23,1034,51,314,448,277,9,14,35.7,50.0,409,1210,24,1,8,1,528,26,24,17,0,64,61,10,10,50.0
Axel Tuanzebe,COD,Ipswich Town,DF,27.46,18,17,1445,0,1,5,1,0.2,0.3,9,45,8,0.0,0.06,0.01,0.02,,,,,0.0,0.0,0.0,15.7,535,83.1,8240,91.0,81.8,56.1,4,49,2,0,11.0,0.68,2.0,0.12,29,17,24,8,18,9,9,21,789,89,343,347,105,6,10,40.0,60.0,338,724,6,1,11,1,407,8,12,11,0,6,43,15,16,48.4
Bart Verbruggen,NED,Brighton,GK,22.7,32,32,2880,0,1,5,0,0.0,0.0,0,2,0,0.0,0.03,0.0,0.0,1.69,63.3,18.8,0.0,,0.0,,,919,78.0,21660,99.2,98.2,47.2,1,17,1,0,5.0,0.16,1.0,0.03,0,0,3,3,1,0,1,0,1258,999,1245,13,0,0,2,100.0,0.0,853,1588,1,1,2,0,815,0,0,2,0,0,58,10,1,90.9
Ben Davies,WAL,Tottenham,DF,32.02,13,11,1036,0,0,3,0,0.3,0.2,13,49,6,0.0,0.0,0.02,0.02,,,,,20.0,0.09,0.0,17.0,745,89.4,13969,93.4,94.7,65.3,2,41,2,0,8.0,0.69,0.0,0.0,13,9,13,7,23,15,8,11,965,169,502,419,44,12,1,100.0,0.0,558,1633,9,0,4,0,653,6,12,5,0,4,34,41,35,53.9
Ben Johnson,ENG,Ipswich Town,"DF,FW",25.26,22,14,1348,1,2,5,1,1.1,1.3,16,26,33,0.07,0.13,0.07,0.09,,,,,42.9,0.2,0.14,12.6,296,71.5,4812,86.2,74.8,49.0,12,21,3,2,23.0,1.54,5.0,0.33,38,22,41,21,22,5,17,13,624,60,245,219,163,12,24,33.3,58.3,259,585,12,3,23,17,290,33,27,6,1,37,57,19,18,51.4
Bernardo Silva,POR,Manchester City,"MF,FW",30.72,29,25,2311,3,4,7,0,3.2,4.2,92,109,180,0.12,0.16,0.13,0.17,,,,,35.7,0.39,0.11,12.9,1284,86.9,19677,91.9,88.7,65.3,44,70,30,7,79.0,3.08,8.0,0.31,49,32,49,26,30,7,23,19,1705,42,298,675,749,127,55,45.5,41.8,1068,3501,59,30,21,31,1261,180,25,27,3,50,90,5,10,33.3
Bernd Leno,GER,Fulham,GK,33.16,34,34,3060,0,1,4,0,0.0,0.1,0,0,0,0.0,0.03,0.0,0.0,1.35,68.3,14.7,0.0,,0.0,,,1030,81.2,25014,99.5,98.9,46.7,2,14,2,0,5.0,0.15,2.0,0.06,2,2,2,0,1,0,1,0,1328,1066,1318,10,0,0,0,,,879,1981,0,0,0,0,781,0,0,3,0,0,47,9,0,100.0
Beto,GNB,Everton,FW,27.24,26,11,1192,6,0,2,0,6.1,0.8,12,9,62,0.45,0.0,0.46,0.06,,,,,51.4,1.36,0.17,13.6,116,56.6,1593,68.0,48.5,87.5,8,5,3,1,17.0,1.28,0.0,0.0,13,6,8,3,7,1,6,3,403,21,41,182,185,65,32,53.1,43.8,210,387,9,9,53,32,291,62,29,18,14,3,29,74,86,46.3
Bilal El Khannouss,MAR,Leicester City,MF,20.97,29,24,1920,2,2,4,0,0.9,3.2,61,118,77,0.09,0.09,0.04,0.15,,,,,26.1,0.28,0.09,22.8,714,75.2,12717,85.8,81.0,57.1,31,81,27,5,59.0,2.77,4.0,0.19,46,26,28,13,19,4,15,6,1126,16,163,584,391,27,46,58.7,37.0,649,1788,38,9,35,34,753,77,27,9,1,78,83,19,19,50.0
Boubacar Kamara,FRA,Aston Villa,MF,25.43,22,16,1373,0,0,2,0,0.4,0.9,16,72,5,0.0,0.0,0.02,0.06,,,,,14.3,0.07,0.0,21.1,674,89.2,10544,93.5,91.4,53.1,10,77,8,0,24.0,1.57,2.0,0.13,46,19,51,25,17,7,10,16,911,88,288,520,109,8,22,36.4,31.8,467,1082,11,1,9,11,610,5,23,26,0,1,67,16,21,43.2
Boubakary Soumaré,FRA,Leicester City,MF,26.17,27,23,1953,0,0,8,0,0.3,0.4,31,94,21,0.0,0.0,0.01,0.02,,,,,0.0,0.0,0.0,23.4,982,86.7,14896,91.9,87.6,70.4,11,90,13,2,34.0,1.57,3.0,0.14,33,18,30,12,19,7,12,24,1318,62,348,833,150,17,44,61.4,29.5,787,1881,16,3,20,21,925,21,21,21,0,8,130,19,9,67.9
Brennan Johnson,WAL,Tottenham,FW,23.94,31,23,2083,11,3,5,0,9.8,2.3,57,70,194,0.48,0.13,0.43,0.1,,,,,37.7,0.86,0.21,11.4,438,71.0,5790,80.5,75.7,34.4,19,25,35,6,46.0,1.99,7.0,0.3,39,26,31,15,25,3,22,4,825,16,89,282,466,120,44,43.2,50.0,527,1410,21,32,25,16,609,194,26,25,12,52,60,7,20,25.9
Bruno Fernandes,POR,Manchester Utd,MF,30.64,33,32,2758,8,9,4,2,9.5,7.6,65,281,118,0.26,0.29,0.31,0.25,,,,,30.1,0.82,0.06,21.9,1522,75.2,26743,86.7,80.4,52.6,84,176,73,11,169.0,5.51,12.0,0.39,76,47,75,46,32,4,28,25,2394,59,398,1130,888,71,65,41.5,49.2,1379,3436,60,11,38,37,1665,118,26,37,2,172,192,21,28,42.9
Bruno Guimarães,BRA,Newcastle Utd,MF,27.45,34,34,2912,4,6,6,0,3.8,5.6,53,241,79,0.12,0.19,0.12,0.17,,,,,23.7,0.28,0.11,16.2,1305,82.1,21511,90.7,87.5,56.4,45,158,67,6,119.0,3.68,17.0,0.53,71,41,61,32,33,9,24,27,1965,74,397,1011,578,71,71,47.9,29.6,1275,3063,39,11,51,73,1475,79,54,99,2,24,161,17,16,51.5
Bryan Mbeumo,CMR,Brentford,FW,25.73,33,33,2964,18,6,2,0,10.6,7.8,110,125,300,0.55,0.18,0.32,0.24,,,,,45.5,0.91,0.2,17.7,763,67.3,12187,79.7,72.8,38.1,63,52,55,16,129.0,3.92,17.0,0.52,41,26,29,12,21,3,18,14,1523,47,216,483,851,137,93,45.2,41.9,924,3035,61,64,87,38,1034,300,22,40,11,171,137,31,68,31.3
Bukayo Saka,ENG,Arsenal,"FW,MF",23.65,21,17,1454,6,10,3,0,5.9,6.7,79,61,222,0.37,0.62,0.36,0.42,,,,,35.2,1.18,0.09,15.9,470,75.1,7266,90.0,72.4,48.2,49,13,32,10,100.0,6.19,22.0,1.36,23,13,20,10,19,0,19,2,840,6,46,180,621,139,83,44.6,41.0,535,2065,27,43,28,37,610,222,13,35,5,109,61,8,19,29.6
Caleb Okoli,ITA,Leicester City,DF,23.8,18,12,1124,1,0,4,0,0.6,0.0,3,32,2,0.08,0.0,0.05,0.0,,,,,50.0,0.16,0.25,13.5,558,86.4,9738,91.3,91.0,55.4,0,21,1,0,4.0,0.32,0.0,0.0,25,14,18,7,24,14,10,15,804,152,450,324,35,10,0,,,467,1106,6,0,10,2,483,2,16,9,0,1,44,23,21,52.3
Callum Hudson-Odoi,ENG,Nott'ham Forest,"FW,MF",24.48,28,24,2107,5,2,2,0,2.5,2.7,126,66,186,0.21,0.09,0.11,0.11,,,,,45.9,0.73,0.14,18.3,660,82.1,9651,92.0,81.9,50.0,44,35,30,10,94.0,4.02,11.0,0.47,20,14,16,5,11,0,11,13,988,14,107,316,590,72,62,58.1,29.0,617,3301,61,45,44,23,751,186,12,21,8,74,90,3,10,23.1
Calvin Bassey,NGA,Fulham,DF,25.33,32,31,2804,1,0,6,0,1.0,0.1,35,104,13,0.03,0.0,0.03,0.0,,,,,28.6,0.13,0.07,15.3,1759,89.6,30963,94.9,94.0,60.3,2,135,2,0,22.0,0.71,3.0,0.1,51,32,28,8,37,17,20,18,2245,294,1099,1050,120,18,29,44.8,34.5,1443,4343,17,5,32,8,1559,13,24,30,2,6,155,40,31,56.3
Cameron Archer,ENG,Southampton,FW,23.78,31,13,1361,2,0,0,0,5.1,0.4,19,14,62,0.13,0.0,0.34,0.02,,,,,33.3,0.6,0.07,13.1,189,81.1,2474,85.6,91.4,55.6,3,6,7,0,17.0,1.13,0.0,0.0,11,7,9,7,5,1,4,2,360,16,59,161,143,49,31,45.2,51.6,207,499,9,14,33,24,253,62,16,12,7,3,34,8,27,22.9
Cameron Burgess,AUS,Ipswich Town,DF,29.52,16,14,1361,0,1,0,0,0.7,0.5,2,40,4,0.0,0.07,0.05,0.03,,,,,11.1,0.07,0.0,9.7,542,80.8,9841,90.8,86.5,50.9,6,42,4,0,12.0,0.79,2.0,0.13,14,9,9,2,18,13,5,13,849,204,510,296,44,21,0,,,391,935,4,0,2,0,492,4,4,4,1,0,37,38,19,66.7
Carlos Baleba,CMR,Brighton,MF,21.32,30,27,2313,3,1,8,1,3.0,1.3,40,111,26,0.12,0.04,0.12,0.05,,,,,27.5,0.43,0.08,25.1,1018,87.7,17164,92.7,91.7,64.3,20,103,22,2,60.0,2.34,4.0,0.16,71,41,72,28,43,10,33,40,1506,84,361,891,293,11,51,58.8,35.3,857,2564,40,3,36,35,913,26,38,43,0,8,172,38,23,62.3
Carlos Soler,ESP,West Ham,"MF,FW",28.32,28,14,1347,1,1,5,0,1.7,1.2,16,52,33,0.07,0.07,0.11,0.08,,,,,29.2,0.47,0.04,19.1,530,85.1,8264,94.4,85.7,53.7,14,41,11,0,46.0,3.08,2.0,0.13,13,10,22,16,19,6,13,8,738,26,172,384,187,22,18,44.4,50.0,338,714,16,4,11,14,502,33,24,17,0,31,63,9,11,45.0
Casemiro,BRA,Manchester Utd,MF,33.18,22,16,1335,1,0,3,0,1.7,2.3,4,70,26,0.07,0.0,0.11,0.15,,,,,28.6,0.54,0.04,18.8,670,78.5,11089,86.4,83.7,59.8,20,68,20,6,49.0,3.31,3.0,0.2,77,46,66,25,33,10,23,12,1091,69,327,555,217,38,6,50.0,50.0,575,823,10,0,10,10,697,26,17,18,3,19,89,31,17,64.6
Chris Richards,USA,Crystal Palace,DF,25.09,20,18,1562,1,0,4,1,1.2,0.1,5,34,1,0.06,0.0,0.07,0.01,,,,,50.0,0.29,0.1,11.8,583,81.1,10347,89.2,90.3,44.2,2,20,0,0,7.0,0.4,2.0,0.12,42,27,38,15,35,13,22,10,935,111,513,371,56,15,6,16.7,83.3,433,850,5,0,5,5,525,1,11,4,1,1,48,33,35,48.5
Chris Wood,NZL,Nott'ham Forest,FW,33.39,31,30,2509,19,3,1,0,11.1,2.3,13,34,74,0.68,0.11,0.4,0.08,,,,,58.8,1.08,0.31,14.5,270,66.2,3704,71.1,66.4,68.4,17,14,8,1,39.0,1.4,5.0,0.18,4,4,8,7,11,7,4,5,637,32,76,307,256,79,11,36.4,54.5,316,430,9,5,63,23,472,74,22,20,24,1,40,80,117,40.6
Christian Eriksen,DEN,Manchester Utd,MF,33.21,20,11,994,0,1,4,0,0.3,2.6,10,49,29,0.0,0.09,0.03,0.24,,,,,11.1,0.09,0.0,24.8,548,79.5,9150,91.9,80.3,49.1,23,53,8,2,45.0,4.07,6.0,0.54,19,9,24,13,13,4,9,7,778,24,160,376,246,13,3,0.0,100.0,424,677,11,0,11,5,514,29,8,3,0,74,59,2,5,28.6
Christian Nørgaard,DEN,Brentford,MF,31.14,29,29,2369,5,2,5,1,3.6,0.8,12,122,34,0.19,0.08,0.14,0.03,,,,,33.3,0.42,0.15,14.9,985,81.7,16249,87.1,86.1,58.5,15,119,22,3,47.0,1.79,9.0,0.34,72,44,67,25,47,18,29,42,1526,153,530,723,288,50,12,50.0,33.3,703,1147,12,4,28,18,916,34,37,26,1,13,173,40,29,58.0
Christopher Nkunku,FRA,Chelsea,FW,27.46,27,9,921,3,2,2,0,4.8,2.1,17,25,68,0.29,0.2,0.47,0.21,,,,,44.0,1.07,0.12,12.6,299,89.5,3928,91.6,92.2,100.0,14,26,7,0,34.0,3.32,4.0,0.39,12,8,8,2,9,2,7,7,448,10,52,183,217,52,27,37.0,51.9,280,628,16,13,18,17,356,68,16,11,3,4,29,16,22,42.1
Cody Gakpo,NED,Liverpool,FW,25.98,31,19,1627,9,3,5,0,6.4,3.5,48,51,240,0.5,0.17,0.35,0.19,,,,,40.0,1.11,0.18,15.1,415,76.0,5915,86.5,67.2,55.2,33,22,26,8,70.0,3.87,7.0,0.39,26,14,23,12,19,2,17,11,759,20,72,217,486,87,48,58.3,31.3,510,1820,30,18,38,19,570,240,17,23,5,64,62,15,22,40.5
Cole Palmer,ENG,Chelsea,MF,22.98,33,32,2831,14,8,6,0,15.8,9.3,103,194,165,0.45,0.25,0.5,0.3,,,,,36.0,1.27,0.1,20.3,1019,76.9,19338,85.9,84.8,59.6,78,145,61,17,180.0,5.72,14.0,0.45,25,16,21,13,14,1,13,8,1650,20,133,735,804,126,103,45.6,39.8,1046,3306,66,35,61,34,1219,165,12,55,6,133,93,1,7,12.5
Conor Coady,ENG,Leicester City,DF,32.18,18,15,1354,0,0,2,0,0.1,0.1,2,28,0,0.0,0.0,0.01,0.0,,,,,100.0,0.07,0.0,9.2,764,90.6,13171,96.7,96.8,52.9,1,31,2,0,4.0,0.27,0.0,0.0,12,8,5,2,26,19,7,11,958,186,521,421,17,6,2,50.0,50.0,636,1403,2,1,4,2,703,0,7,2,1,0,46,13,16,44.8
Craig Dawson,ENG,Wolves,DF,34.98,15,10,971,0,0,2,0,0.5,0.0,6,20,5,0.0,0.0,0.05,0.0,,,,,20.0,0.09,0.0,8.5,484,86.6,9745,92.5,93.0,60.0,2,22,1,0,7.0,0.65,2.0,0.19,15,3,15,3,16,11,5,9,671,130,396,249,28,14,5,20.0,40.0,390,938,1,0,2,0,443,5,6,5,2,0,35,21,11,65.6
Cristian Romero,ARG,Tottenham,DF,27.01,18,18,1416,1,0,3,0,1.6,0.6,12,71,3,0.06,0.0,0.1,0.04,,,,,50.0,0.51,0.06,9.1,1094,89.5,20402,91.4,94.7,63.5,7,109,8,1,20.0,1.27,4.0,0.25,35,29,30,9,18,3,15,21,1377,157,594,720,74,23,4,25.0,50.0,896,2893,18,0,10,5,936,3,14,12,2,3,90,41,27,60.3
Curtis Jones,ENG,Liverpool,"MF,DF",24.25,29,16,1438,3,3,3,1,4.1,1.0,23,85,67,0.19,0.19,0.26,0.06,,,,,38.7,0.75,0.1,16.9,821,93.2,11932,96.9,92.5,75.6,19,60,16,0,41.0,2.57,7.0,0.44,34,18,23,8,15,7,8,5,1040,27,160,555,331,50,16,62.5,31.3,632,1383,15,5,22,29,781,67,15,23,1,6,78,13,12,52.0
Daichi Kamada,JPN,Crystal Palace,MF,28.73,30,13,1338,0,0,3,1,1.0,1.8,23,73,52,0.0,0.0,0.07,0.12,,,,,23.5,0.27,0.0,19.4,511,79.5,8122,87.9,82.0,55.1,19,39,13,2,46.0,3.09,3.0,0.2,43,25,37,25,19,4,15,16,804,18,172,420,217,28,13,30.8,53.8,403,949,17,4,13,18,518,52,25,17,2,27,67,3,12,20.0
Dan Burn,ENG,Newcastle Utd,DF,32.98,33,33,2970,1,0,10,0,1.7,0.9,9,56,10,0.03,0.0,0.05,0.03,,,,,25.0,0.15,0.05,9.9,1578,89.4,28670,91.0,94.8,62.3,8,35,7,0,21.0,0.64,3.0,0.09,33,19,32,15,32,23,9,25,2104,335,1183,823,103,46,4,75.0,25.0,1203,2383,5,1,21,3,1417,10,28,11,5,2,91,127,62,67.2
Dango Ouattara,BFA,Bournemouth,FW,23.21,31,20,1932,7,4,2,0,8.4,5.2,77,41,187,0.33,0.19,0.39,0.24,,,,,32.3,0.93,0.11,13.5,354,59.8,5548,72.5,62.5,37.9,32,20,24,10,68.0,3.17,6.0,0.28,34,25,40,23,34,9,25,11,930,60,160,298,490,127,77,46.8,41.6,479,1706,33,38,60,32,559,187,15,19,14,85,88,43,59,42.2
Daniel Muñoz,COL,Crystal Palace,DF,28.93,33,33,2868,4,4,9,0,4.6,4.4,49,83,183,0.13,0.13,0.14,0.14,,,,,37.5,0.38,0.13,12.3,1004,75.8,15308,85.7,77.1,44.3,39,53,31,13,74.0,2.32,9.0,0.28,109,70,86,37,35,3,32,39,1788,107,508,743,556,89,50,38.0,58.0,695,1461,32,15,50,18,846,183,47,19,13,60,149,56,73,43.4
Danny Welbeck,ENG,Brighton,FW,34.42,27,21,1852,9,4,4,0,8.1,1.1,19,40,80,0.44,0.19,0.39,0.05,,,,,37.7,0.97,0.17,15.2,352,84.0,4120,86.0,87.6,100.0,17,15,12,0,42.0,2.04,6.0,0.29,22,13,17,11,16,2,14,5,625,15,48,266,315,90,36,33.3,58.3,379,751,20,7,44,23,462,80,11,21,3,3,37,15,24,38.5
Dara O'Shea,IRL,Ipswich Town,DF,26.16,31,31,2762,0,2,6,0,1.1,0.5,3,70,7,0.0,0.07,0.04,0.02,,,,,10.5,0.07,0.0,13.7,1084,77.7,21631,86.4,84.8,50.4,3,81,3,1,20.0,0.65,3.0,0.1,45,28,31,11,59,47,12,31,1797,359,1046,643,113,47,2,50.0,50.0,795,1713,2,0,11,4,1018,7,16,22,3,6,98,100,77,56.5
Darwin Núñez,URU,Liverpool,FW,25.85,26,8,1018,5,2,8,0,5.0,1.2,22,27,67,0.44,0.18,0.44,0.11,,,,,37.5,1.06,0.16,14.5,147,70.7,2203,80.6,73.8,66.7,9,9,2,0,26.0,2.29,4.0,0.35,18,15,15,10,6,0,6,3,330,10,43,111,186,62,21,38.1,57.1,178,528,17,12,21,17,220,67,27,14,11,2,38,16,29,35.6
David Raya,ESP,Arsenal,GK,29.62,34,34,3060,0,0,2,0,0.0,0.0,0,12,0,0.0,0.0,0.0,0.0,0.85,75.5,35.3,0.0,,0.0,,,945,74.7,22291,99.3,98.4,38.1,0,39,1,0,4.0,0.12,1.0,0.03,0,0,2,2,0,0,0,2,1321,772,1240,81,0,0,1,100.0,0.0,821,2479,0,0,1,0,756,0,1,8,0,0,38,10,0,100.0
Dean Henderson,ENG,Crystal Palace,GK,28.13,34,34,3060,0,0,3,0,0.0,0.1,0,0,0,0.0,0.0,0.0,0.0,1.38,66.9,29.4,50.0,0.0,0.0,0.0,14.9,672,61.8,18496,99.4,99.4,31.3,2,20,1,0,3.0,0.09,0.0,0.0,2,1,6,4,0,0,0,0,1173,954,1169,3,1,1,0,,,674,1919,0,0,2,0,510,0,0,0,0,0,25,11,1,91.7
Dean Huijsen,ESP,Bournemouth,DF,20.04,28,23,2144,2,1,8,0,1.7,2.0,36,112,10,0.08,0.04,0.07,0.08,,,,,11.8,0.08,0.12,12.3,1147,83.6,23184,89.1,91.4,60.5,14,142,7,2,38.0,1.6,3.0,0.13,33,23,25,10,35,27,8,49,1723,229,786,824,122,29,5,40.0,60.0,937,3725,24,0,16,1,1050,10,28,9,2,12,93,63,41,60.6
Declan Rice,ENG,Arsenal,MF,26.29,32,30,2572,2,7,7,1,2.7,6.5,87,175,88,0.07,0.24,0.09,0.23,,,,,24.4,0.35,0.05,19.7,1285,83.6,21932,92.4,90.3,49.3,55,123,34,5,102.0,3.57,9.0,0.31,49,22,37,21,24,11,13,24,1806,71,294,846,683,74,26,42.3,53.8,960,3225,54,16,36,29,1182,88,19,15,1,155,139,30,23,56.6
Dejan Kulusevski,SWE,Tottenham,"MF,FW",25.01,30,25,2281,7,4,3,0,4.2,6.1,118,122,207,0.28,0.16,0.17,0.24,,,,,37.0,0.67,0.15,14.8,644,73.9,9046,86.2,78.1,40.3,64,61,52,6,125.0,4.93,9.0,0.35,43,23,49,30,27,4,23,13,1233,21,143,413,701,154,111,33.3,59.5,801,3164,67,39,74,72,874,207,43,33,5,88,115,10,14,41.7
Destiny Udogie,ITA,Tottenham,DF,22.42,24,23,1834,0,1,2,0,0.3,1.5,54,120,93,0.0,0.05,0.01,0.07,,,,,20.0,0.05,0.0,15.1,947,87.4,13710,91.3,90.4,80.0,16,88,6,1,35.0,1.72,3.0,0.15,74,47,47,14,40,6,34,21,1336,60,377,591,383,49,32,40.6,50.0,735,2290,39,12,32,19,796,93,29,38,2,19,109,13,13,50.0
Diogo Dalot,POR,Manchester Utd,DF,26.12,32,31,2788,0,3,5,0,2.0,2.0,62,102,164,0.0,0.1,0.06,0.07,,,,,21.7,0.16,0.0,15.6,1336,80.5,21497,89.9,81.9,55.4,26,61,25,8,74.0,2.39,5.0,0.16,67,39,52,18,22,9,13,37,1965,113,658,767,557,66,53,50.9,41.5,1111,2684,37,16,37,21,1186,164,40,9,4,65,164,38,21,64.4
Diogo Jota,POR,Liverpool,FW,28.4,23,13,1097,6,3,2,0,7.3,1.8,36,33,86,0.49,0.25,0.6,0.15,,,,,28.3,1.07,0.13,12.5,201,69.6,3050,76.1,74.2,61.9,11,29,3,1,35.0,2.87,9.0,0.74,14,8,19,12,9,0,9,7,448,5,30,185,240,90,30,36.7,60.0,247,753,21,20,36,21,311,86,18,12,1,8,40,21,30,41.2
Djed Spence,ENG,Tottenham,DF,24.72,21,16,1514,1,2,4,1,0.6,1.7,53,98,68,0.06,0.12,0.03,0.1,,,,,30.0,0.18,0.1,23.9,875,86.0,12585,93.6,86.8,54.4,10,73,17,7,26.0,1.55,5.0,0.3,39,30,25,6,22,9,13,17,1234,67,415,562,277,24,69,49.3,40.6,709,2295,40,7,25,27,776,68,19,23,2,23,91,17,12,58.6
Dominic Calvert-Lewin,ENG,Everton,FW,28.12,22,19,1574,3,1,2,0,6.1,0.6,22,19,105,0.17,0.06,0.35,0.04,,,,,37.0,0.97,0.07,12.3,174,62.6,2035,70.0,58.3,37.5,7,19,5,1,25.0,1.43,4.0,0.23,9,7,6,4,6,2,4,6,491,21,38,204,254,82,25,40.0,52.0,268,444,8,16,71,32,402,105,27,22,27,6,32,83,79,51.2
Dominic Solanke,ENG,Tottenham,FW,27.62,25,24,2119,8,3,0,0,10.1,2.9,29,45,88,0.34,0.13,0.43,0.13,,,,,40.7,1.02,0.14,12.1,250,71.0,3344,76.1,77.1,66.7,14,27,9,0,37.0,1.57,8.0,0.34,18,11,14,10,18,7,11,0,636,31,68,290,284,111,50,32.0,62.0,374,803,21,14,67,47,448,88,36,36,5,4,37,44,59,42.7
Dominik Szoboszlai,HUN,Liverpool,MF,24.51,32,26,2257,5,5,6,0,7.1,6.2,65,114,120,0.2,0.2,0.28,0.25,,,,,32.3,0.8,0.08,18.5,1015,84.5,15678,89.2,88.1,71.9,51,78,31,5,108.0,4.31,14.0,0.56,31,20,39,24,35,4,31,9,1435,23,183,696,574,96,35,54.3,37.1,732,2101,46,17,34,21,980,120,37,23,4,34,120,18,22,45.0
Dwight McNeil,ENG,Everton,"MF,FW",25.44,17,13,1185,3,4,1,0,1.1,3.8,32,61,68,0.23,0.3,0.08,0.29,,,,,37.5,0.68,0.13,21.6,390,73.0,7325,86.2,81.1,52.9,33,35,33,10,62.0,4.71,7.0,0.53,11,6,19,11,7,0,7,5,645,3,65,280,315,22,38,55.3,42.1,374,970,29,4,22,28,435,68,6,14,1,92,65,3,14,17.6
Eberechi Eze,ENG,Crystal Palace,"MF,FW",26.84,30,28,2337,4,8,1,0,8.2,5.2,65,85,141,0.15,0.31,0.31,0.2,,,,,25.8,0.92,0.04,21.5,707,74.6,11848,85.3,83.4,43.2,53,46,32,3,119.0,4.58,9.0,0.35,37,22,35,18,26,0,26,11,1289,15,172,611,537,86,125,48.8,45.6,771,2178,43,21,52,44,840,141,11,46,9,100,128,6,36,14.3
Ederson,BRA,Manchester City,GK,31.7,22,22,1960,0,4,3,0,0.0,1.5,0,1,0,0.0,0.18,0.0,0.07,1.15,68.5,31.8,0.0,,0.0,,,693,88.1,17056,100.0,98.3,65.7,4,20,1,0,6.0,0.28,4.0,0.18,0,0,2,2,0,0,0,1,833,587,824,9,0,0,0,,,563,1671,0,0,1,0,529,0,1,0,0,0,37,4,1,80.0
Edson Álvarez,MEX,West Ham,MF,27.52,25,19,1633,0,1,8,1,0.3,0.8,21,75,18,0.0,0.06,0.02,0.04,,,,,9.1,0.06,0.0,26.7,763,85.7,12894,88.8,89.7,73.5,11,80,11,3,25.0,1.38,2.0,0.11,44,23,33,18,21,8,13,16,1101,61,323,612,174,12,31,45.2,38.7,603,1528,20,2,25,13,734,18,37,18,4,6,78,28,20,58.3
Elliot Anderson,ENG,Nott'ham Forest,MF,22.48,32,28,2317,2,6,6,0,1.7,3.1,37,115,78,0.08,0.23,0.06,0.12,,,,,17.6,0.23,0.06,19.9,863,77.8,13736,89.1,80.1,47.0,34,90,17,2,75.0,2.91,10.0,0.39,78,50,93,51,41,8,33,26,1480,88,354,694,460,55,68,50.0,38.2,740,1868,27,15,52,36,869,78,37,54,4,70,177,42,21,66.7
Emerson Palmieri,ITA,West Ham,DF,30.74,29,25,2015,2,1,5,0,2.0,1.5,44,64,82,0.09,0.04,0.09,0.07,,,,,43.8,0.31,0.13,19.0,827,79.9,12096,89.8,81.2,42.4,16,49,13,5,41.0,1.83,2.0,0.09,57,29,44,19,32,8,24,20,1277,82,412,532,348,27,30,33.3,56.7,533,1666,25,8,24,7,713,82,24,13,0,63,84,16,18,47.1
Emile Smith Rowe,ENG,Fulham,MF,24.76,30,23,1852,6,2,2,0,4.4,1.1,50,120,113,0.29,0.1,0.21,0.05,,,,,29.4,0.49,0.18,15.4,834,90.0,11939,92.0,95.4,69.2,18,74,15,1,65.0,3.16,11.0,0.53,30,17,24,16,20,2,18,11,1112,20,153,525,444,55,33,48.5,45.5,721,1832,38,11,32,13,853,113,17,12,4,13,69,6,17,26.1
Emiliano Martínez,ARG,Aston Villa,GK,32.66,33,33,2880,0,0,4,0,0.0,0.5,0,3,0,0.0,0.0,0.0,0.02,1.41,65.9,15.2,50.0,,0.0,,,986,79.0,25707,97.8,98.1,49.9,2,21,0,0,6.0,0.19,1.0,0.03,3,3,2,0,1,0,1,0,1307,990,1292,15,0,0,1,100.0,0.0,794,2586,0,0,1,0,718,0,1,5,0,0,28,8,1,88.9
Emmanuel Agbadou,CIV,Wolves,DF,27.87,12,12,1050,0,0,2,0,0.3,0.2,3,21,1,0.0,0.0,0.02,0.02,,,,,16.7,0.09,0.0,31.8,597,84.4,12223,91.7,92.3,60.0,4,23,1,0,15.0,1.29,2.0,0.17,25,17,17,6,15,11,4,9,844,137,473,355,22,5,10,70.0,20.0,508,1085,3,0,3,3,549,1,5,4,1,1,63,22,15,59.5
Enzo Fernández,ARG,Chelsea,MF,24.28,32,28,2590,5,7,7,0,5.4,6.3,57,196,115,0.17,0.24,0.19,0.22,,,,,36.7,0.63,0.1,18.6,1397,80.0,24772,88.8,84.9,58.4,71,155,39,7,137.0,4.76,16.0,0.56,61,30,78,49,32,5,27,11,2021,32,309,1027,698,73,46,45.7,39.1,1115,2529,53,8,27,27,1487,115,45,47,1,103,141,13,27,32.5
Erling Haaland,NOR,Manchester City,FW,24.78,28,28,2480,21,3,2,0,20.8,2.8,19,18,103,0.76,0.11,0.76,0.1,,,,,54.5,1.96,0.19,12.2,225,66.0,2706,70.6,66.7,66.7,26,9,7,1,62.0,2.25,9.0,0.33,9,5,6,4,11,1,10,5,578,22,39,200,344,170,32,34.4,59.4,272,478,14,19,39,25,427,103,22,12,4,3,29,49,45,52.1
Ethan Pinnock,JAM,Brentford,DF,31.92,22,21,1913,2,0,2,0,1.1,1.2,3,41,9,0.09,0.0,0.05,0.05,,,,,60.0,0.28,0.2,11.1,924,85.6,17045,94.2,89.4,57.9,8,48,4,1,21.0,0.99,0.0,0.0,35,19,24,11,29,18,11,24,1348,294,783,457,109,24,9,33.3,66.7,633,1633,4,0,2,4,760,9,8,4,0,9,50,63,43,59.4
Evanilson,BRA,Bournemouth,FW,25.56,27,24,1972,9,1,0,1,11.0,1.6,26,19,87,0.41,0.05,0.5,0.07,,,,,45.2,1.28,0.15,12.9,201,69.1,2409,74.6,70.7,64.3,23,14,2,0,56.0,2.56,8.0,0.37,14,9,10,4,10,2,8,0,479,22,49,183,250,113,19,31.6,36.8,279,734,15,14,31,22,337,87,31,43,17,0,56,38,56,40.4
Ezri Konsa,ENG,Aston Villa,DF,27.52,30,29,2576,1,0,0,0,0.9,0.4,16,73,11,0.03,0.0,0.03,0.01,,,,,33.3,0.1,0.11,9.1,1372,92.7,22993,96.3,95.7,65.0,5,93,1,0,23.0,0.8,3.0,0.1,32,17,22,4,17,9,8,21,1693,213,795,807,99,20,17,41.2,41.2,986,2465,11,2,16,9,1177,11,6,42,0,5,86,27,21,56.3
Fabian Schär,SUI,Newcastle Utd,DF,33.36,30,29,2575,4,0,7,1,2.1,0.4,14,95,17,0.14,0.0,0.07,0.01,,,,,34.5,0.35,0.14,21.8,1458,83.6,29169,92.5,92.7,51.4,5,139,10,0,27.0,0.94,3.0,0.1,32,19,34,20,36,24,12,40,2034,237,1061,857,127,31,12,66.7,16.7,1284,3313,23,2,11,6,1417,17,31,12,4,9,123,40,61,39.6
Facundo Buonanotte,ARG,Leicester City,"FW,MF",20.35,29,14,1474,4,2,7,0,3.8,3.1,38,52,69,0.24,0.12,0.23,0.19,,,,,29.4,0.61,0.12,17.8,430,76.6,6782,85.7,81.9,48.6,24,40,13,2,50.0,3.05,4.0,0.24,53,32,67,46,32,6,26,11,850,26,127,436,300,36,79,32.9,62.0,465,1321,26,8,53,39,515,69,35,33,3,41,77,17,35,32.7
Flynn Downes,ENG,Southampton,MF,26.27,23,21,1791,1,0,10,0,0.6,1.1,24,59,28,0.05,0.0,0.03,0.05,,,,,30.0,0.15,0.1,18.7,851,89.8,12498,92.6,91.8,67.4,15,52,11,0,30.0,1.51,2.0,0.1,43,23,32,18,22,6,16,30,1136,76,343,605,197,20,14,35.7,50.0,540,1551,21,4,12,17,805,28,45,33,0,3,73,13,13,50.0
Gabriel Magalhães,BRA,Arsenal,DF,27.36,28,28,2363,3,1,4,0,2.6,0.9,10,126,11,0.11,0.04,0.1,0.03,,,,,22.7,0.19,0.14,9.5,1480,90.2,25788,96.9,94.2,53.9,13,145,8,0,35.0,1.33,6.0,0.23,25,15,16,4,42,29,13,16,1873,189,672,985,225,40,5,80.0,20.0,1116,2669,22,0,9,2,1366,11,19,19,0,9,63,53,37,58.9
Gabriel Martinelli,BRA,Arsenal,"FW,MF",23.87,29,21,1956,7,4,1,0,5.9,4.5,106,44,259,0.32,0.18,0.27,0.21,,,,,42.2,0.87,0.16,13.0,429,71.0,6240,83.1,69.2,51.1,34,10,30,13,61.0,2.81,6.0,0.28,19,14,22,16,10,0,10,4,860,15,83,218,571,162,103,29.1,55.3,576,2268,29,55,48,33,655,259,14,19,8,80,70,14,29,32.6
Georginio Rutter,FRA,Brighton,"MF,FW",23.03,28,19,1656,5,3,2,0,4.6,2.5,42,67,79,0.27,0.16,0.25,0.14,,,,,24.0,0.65,0.1,15.5,237,66.8,3344,77.0,66.7,62.5,19,30,16,1,64.0,3.47,8.0,0.43,39,15,36,22,20,3,17,10,641,20,83,246,326,79,71,38.0,47.9,361,1405,36,16,45,37,411,79,34,45,7,9,66,25,46,35.2
Guglielmo Vicario,ITA,Tottenham,GK,28.56,22,22,1980,0,0,1,0,0.0,0.0,0,1,0,0.0,0.0,0.0,0.0,1.45,65.2,18.2,,,0.0,,,709,88.8,13716,99.1,97.3,51.0,0,1,0,0,4.0,0.18,0.0,0.0,0,0,0,0,0,0,0,1,848,568,830,18,0,0,1,100.0,0.0,606,1594,0,0,0,0,549,0,0,2,0,0,31,9,0,100.0
Guido Rodríguez,ARG,West Ham,MF,31.05,20,14,1018,0,0,5,0,0.2,0.1,2,31,5,0.0,0.0,0.02,0.01,,,,,12.5,0.09,0.0,27.8,419,84.1,7149,87.4,91.4,62.7,3,36,1,0,10.0,0.88,0.0,0.0,30,16,30,16,21,9,12,12,617,42,196,366,56,2,3,66.7,0.0,284,392,5,0,2,6,354,5,15,11,1,4,46,8,7,53.3
Harry Maguire,ENG,Manchester Utd,DF,32.15,23,17,1483,1,0,7,0,1.4,0.3,6,43,6,0.06,0.0,0.09,0.02,,,,,41.7,0.3,0.08,7.9,812,86.2,15170,91.8,91.0,58.3,6,42,3,0,17.0,1.03,0.0,0.0,26,13,17,4,14,12,2,37,1117,136,560,509,62,37,5,40.0,60.0,658,1644,6,3,6,2,722,6,17,8,1,2,53,51,21,70.8
Harry Wilson,WAL,Fulham,"FW,MF",28.11,21,9,937,5,1,2,0,3.2,1.1,16,46,79,0.48,0.1,0.31,0.1,,,,,31.0,0.86,0.17,17.7,279,73.6,4685,84.6,78.4,44.1,19,23,13,1,36.0,3.46,3.0,0.29,13,8,15,6,13,1,12,5,486,7,63,175,257,45,24,37.5,41.7,287,657,18,8,13,5,326,79,10,18,1,35,44,4,18,18.2
Harry Winks,ENG,Leicester City,MF,29.24,22,17,1538,0,2,4,0,0.2,1.2,19,101,11,0.0,0.12,0.01,0.07,,,,,40.0,0.23,0.0,29.2,910,87.1,14101,92.2,91.2,57.9,17,110,7,5,39.0,2.28,3.0,0.18,24,11,30,17,19,7,12,9,1158,49,275,746,151,1,12,25.0,66.7,696,1522,13,0,13,8,827,11,9,13,0,34,106,8,6,57.1
Harvey Barnes,ENG,Newcastle Utd,FW,27.39,29,13,1413,9,4,0,0,6.3,3.7,74,69,159,0.57,0.25,0.4,0.24,,,,,30.8,1.02,0.17,14.7,402,79.3,5599,87.2,74.7,64.7,21,21,34,8,52.0,3.3,9.0,0.57,16,9,7,4,7,1,6,6,676,15,82,225,374,102,56,37.5,50.0,471,2026,38,41,24,18,538,159,10,18,4,37,46,5,14,26.3
Ibrahima Konaté,FRA,Liverpool,DF,25.93,28,27,2320,1,2,5,0,1.7,1.0,21,103,3,0.04,0.08,0.07,0.04,,,,,16.7,0.12,0.06,10.5,1581,90.3,29259,93.7,95.1,55.7,10,125,8,0,30.0,1.16,7.0,0.27,36,25,34,10,27,15,12,12,2005,211,854,1047,110,22,4,50.0,25.0,1184,3160,13,0,8,2,1454,3,26,18,0,0,86,72,28,72.0
Idrissa Gana Gueye,SEN,Everton,MF,35.59,33,31,2705,0,3,8,0,1.1,1.7,24,126,23,0.0,0.1,0.04,0.06,,,,,18.5,0.17,0.0,25.2,1062,86.5,18071,90.7,90.5,74.0,19,130,10,3,56.0,1.86,3.0,0.1,123,74,87,33,44,9,35,41,1571,68,382,891,307,19,36,47.2,47.2,732,1501,25,4,30,33,895,23,51,39,0,7,177,22,15,59.5
Igor,BRA,Brighton,DF,27.22,12,9,903,0,0,4,0,0.0,0.2,9,44,0,0.0,0.0,0.0,0.02,,,,,0.0,0.0,0.0,14.1,628,92.1,11358,96.5,95.2,71.4,1,35,2,1,11.0,1.1,0.0,0.0,4,4,10,6,23,14,9,4,764,109,377,353,38,1,4,75.0,25.0,497,1782,14,0,1,0,568,0,9,6,0,2,40,8,6,57.1
Iliman Ndiaye,SEN,Everton,FW,25.15,29,26,2162,7,0,3,0,5.2,1.6,79,45,106,0.29,0.0,0.22,0.07,,,,,41.9,0.54,0.16,17.3,514,80.6,7768,86.0,85.8,68.0,17,34,14,5,58.0,2.42,5.0,0.21,47,25,44,25,25,4,21,17,956,32,197,397,410,74,134,45.5,47.0,552,2169,40,29,48,38,582,106,21,46,5,35,160,5,17,22.7
Illia Zabarnyi,UKR,Bournemouth,DF,22.66,32,31,2752,0,0,3,1,1.1,0.6,24,125,4,0.0,0.0,0.03,0.02,,,,,0.0,0.0,0.0,9.8,1216,81.3,25696,90.1,90.6,52.8,11,131,6,0,28.0,0.92,0.0,0.0,46,32,43,13,33,20,13,35,1809,214,842,920,67,13,8,62.5,25.0,1124,4327,20,0,14,3,1128,4,17,6,0,5,140,70,40,63.6
Ismaila Sarr,SEN,Crystal Palace,"MF,FW",27.18,34,26,2392,7,4,4,0,8.7,7.0,67,76,164,0.26,0.15,0.33,0.26,,,,,50.0,0.9,0.15,13.3,438,66.6,6582,74.8,70.8,47.7,37,26,36,8,97.0,3.65,9.0,0.34,21,10,23,16,22,7,15,8,954,39,156,367,441,118,51,29.4,52.9,526,1855,42,26,61,41,650,164,12,49,11,50,99,31,46,40.3
Issa Diop,FRA,Fulham,DF,28.3,21,15,1339,0,0,2,0,0.5,0.1,6,25,3,0.0,0.0,0.04,0.01,,,,,40.0,0.13,0.0,10.7,663,87.5,12350,92.5,92.9,52.9,3,43,1,0,6.0,0.4,0.0,0.0,26,12,18,5,10,7,3,9,903,125,498,381,26,13,2,50.0,50.0,533,1216,2,0,9,2,617,3,10,4,0,1,45,20,12,62.5
Jack Clarke,ENG,Ipswich Town,"FW,MF",24.43,28,11,1033,0,4,2,0,1.0,2.0,30,33,47,0.0,0.35,0.09,0.17,,,,,14.3,0.17,0.0,19.4,260,76.0,4206,86.7,85.6,46.4,23,24,6,0,39.0,3.4,5.0,0.44,28,17,31,15,6,0,6,7,476,22,114,195,181,32,38,55.3,31.6,264,966,18,9,20,16,287,47,14,20,3,13,65,7,14,33.3
Jack Harrison,ENG,Everton,FW,28.44,30,22,1887,1,0,0,0,3.3,3.7,62,45,116,0.05,0.0,0.16,0.18,,,,,22.2,0.29,0.04,16.3,374,63.2,5976,81.4,68.6,34.0,32,26,24,10,53.0,2.53,4.0,0.19,30,21,40,26,18,2,16,9,862,31,144,304,421,62,71,31.0,57.7,473,1439,32,14,50,37,556,116,13,26,4,115,65,4,26,13.3
Jack Hinshelwood,ENG,Brighton,"DF,MF",20.05,22,20,1676,2,2,5,0,1.5,1.3,16,60,46,0.11,0.11,0.08,0.07,,,,,42.9,0.32,0.14,14.3,800,83.4,12164,91.2,84.4,54.0,15,33,9,2,33.0,1.77,3.0,0.16,26,18,26,15,8,3,5,14,1100,49,307,505,293,26,9,11.1,77.8,539,1084,19,1,16,2,686,46,15,6,0,26,55,19,14,57.6
Jack Stephens,ENG,Southampton,DF,31.25,16,14,1164,1,0,2,2,0.6,0.2,13,50,2,0.08,0.0,0.04,0.01,,,,,50.0,0.15,0.25,11.0,751,91.9,12975,92.9,94.3,81.3,3,46,5,0,12.0,0.93,0.0,0.0,31,18,26,11,14,9,5,11,935,106,387,458,94,11,4,0.0,100.0,520,1127,11,1,2,3,655,2,12,4,1,1,41,6,8,42.9
Jacob Greaves,ENG,Ipswich Town,DF,24.63,21,21,1845,1,0,5,0,1.2,0.0,6,51,7,0.05,0.0,0.06,0.0,,,,,50.0,0.2,0.13,8.3,791,86.4,12967,93.1,90.1,41.4,2,59,1,0,13.0,0.63,0.0,0.0,31,14,26,9,36,24,12,18,1141,244,619,455,71,15,3,66.7,33.3,524,925,9,0,7,2,704,7,11,18,1,0,43,58,38,60.4
Jacob Murphy,ENG,Newcastle Utd,FW,30.18,31,27,2084,8,11,3,0,5.6,8.1,69,63,210,0.35,0.48,0.24,0.35,,,,,36.6,0.65,0.2,18.1,593,68.2,8970,84.1,66.9,42.9,38,46,34,14,73.0,3.16,14.0,0.61,22,15,30,14,31,0,31,11,1112,20,158,409,556,83,62,48.4,46.8,652,2055,31,24,30,33,802,210,11,14,3,108,88,4,15,21.1
Jacob Ramsey,ENG,Aston Villa,"FW,MF",23.92,26,18,1485,1,3,2,0,1.4,2.1,57,64,103,0.06,0.18,0.09,0.12,,,,,23.5,0.24,0.06,16.1,470,85.5,6225,92.0,84.2,73.7,18,30,20,1,49.0,2.97,8.0,0.48,29,15,20,10,21,3,18,7,712,12,134,252,338,66,42,57.1,23.8,466,1598,31,19,39,21,542,103,12,24,5,10,74,6,10,37.5
Jadon Sancho,ENG,Chelsea,FW,25.1,28,18,1668,3,4,1,0,2.0,3.4,96,86,214,0.16,0.22,0.11,0.18,,,,,30.4,0.38,0.13,15.3,624,82.5,8433,89.2,84.0,50.0,35,25,46,0,65.0,3.51,10.0,0.54,10,6,12,7,9,0,9,2,915,11,114,267,544,116,95,47.4,40.0,619,2337,32,55,29,21,715,214,6,11,5,23,97,5,10,33.3
Jake O'Brien,IRL,Everton,DF,23.96,17,14,1301,2,0,4,0,0.7,0.6,7,41,24,0.14,0.0,0.05,0.04,,,,,60.0,0.21,0.4,11.5,461,77.2,8367,88.5,78.5,63.0,6,37,8,5,15.0,1.04,0.0,0.0,20,14,22,8,15,4,11,4,745,61,302,313,133,18,10,40.0,50.0,315,648,6,2,5,5,386,24,11,4,3,17,50,33,23,58.9
James Garner,ENG,Everton,"MF,DF",24.13,17,13,1234,0,1,3,0,0.3,1.3,10,38,22,0.0,0.07,0.02,0.09,,,,,28.6,0.15,0.0,24.1,434,72.8,7598,83.6,82.3,44.7,11,39,5,2,30.0,2.19,4.0,0.29,37,23,33,16,14,3,11,16,734,32,187,360,194,9,16,37.5,62.5,336,578,13,1,11,7,386,22,16,12,0,50,60,10,8,55.6
James Justin,ENG,Leicester City,DF,27.18,32,30,2579,2,1,5,0,1.5,0.6,37,86,92,0.07,0.03,0.05,0.02,,,,,25.0,0.21,0.08,16.0,1052,77.6,16221,86.6,84.1,34.7,13,71,21,7,31.0,1.08,1.0,0.03,48,29,49,22,39,13,26,42,1714,131,594,768,362,37,29,31.0,44.8,770,1559,25,4,31,13,951,92,21,34,2,53,75,58,46,55.8
James Maddison,ENG,Tottenham,MF,28.43,31,21,1809,9,7,6,0,5.8,4.2,45,164,95,0.45,0.35,0.29,0.21,,,,,43.6,0.85,0.23,16.7,1021,81.3,16664,90.9,86.2,46.3,41,123,32,5,95.0,4.73,18.0,0.9,31,19,29,20,15,4,11,12,1464,26,210,691,576,77,77,42.9,44.2,1026,2279,39,20,23,25,1125,95,32,64,4,98,76,5,7,41.7
James Tarkowski,ENG,Everton,DF,32.44,33,33,2922,1,1,6,0,1.3,2.9,9,75,3,0.03,0.03,0.04,0.09,,,,,26.7,0.12,0.07,8.4,1045,81.0,22119,84.5,91.9,62.7,16,83,11,0,38.0,1.17,4.0,0.12,64,40,39,15,57,42,15,41,1706,355,974,635,106,57,7,71.4,28.6,727,1943,10,0,13,7,927,3,35,28,2,1,98,102,33,75.6
Jamie Vardy,ENG,Leicester City,FW,38.3,32,32,2571,7,3,5,0,10.2,2.9,27,20,108,0.25,0.11,0.36,0.1,,,,,40.0,0.7,0.12,12.2,238,66.9,3417,74.3,77.0,68.4,18,10,9,1,42.0,1.47,9.0,0.31,18,13,13,9,8,4,4,3,541,28,54,252,240,101,21,42.9,47.6,257,629,11,14,33,12,350,108,21,20,25,11,34,49,51,49.0
Jan Bednarek,POL,Southampton,DF,29.05,28,28,2351,2,0,7,0,0.7,0.5,4,58,2,0.08,0.0,0.02,0.02,,,,,40.0,0.08,0.4,16.0,1495,92.5,26431,95.3,94.5,75.9,5,71,1,0,16.0,0.61,0.0,0.0,35,18,30,15,43,32,11,53,1953,359,1028,892,40,15,3,100.0,0.0,996,1646,5,1,9,3,1249,2,31,12,0,1,102,68,36,65.4
Jan Paul van Hecke,NED,Brighton,DF,24.89,30,29,2598,1,1,8,1,1.3,1.5,53,209,5,0.03,0.03,0.04,0.05,,,,,31.3,0.17,0.06,14.1,1795,87.9,35321,93.0,93.0,65.6,13,202,16,4,48.0,1.66,3.0,0.1,39,25,37,17,32,19,13,23,2316,246,987,1196,153,30,10,40.0,40.0,1536,6643,41,0,12,7,1628,5,22,22,0,11,119,73,48,60.3
Jannik Vestergaard,DEN,Leicester City,DF,32.74,18,16,1391,0,0,5,0,0.1,0.1,3,32,2,0.0,0.0,0.01,0.01,,,,,66.7,0.13,0.0,9.7,870,90.7,14697,95.0,93.7,59.3,3,34,1,0,7.0,0.45,0.0,0.0,22,10,15,6,21,14,7,16,1092,196,572,497,28,10,4,100.0,0.0,672,1458,3,0,2,0,757,2,12,4,0,0,46,26,19,57.8
Jarrad Branthwaite,ENG,Everton,DF,22.84,27,25,2258,0,1,4,0,1.1,0.6,9,57,2,0.0,0.04,0.04,0.02,,,,,37.5,0.12,0.0,8.2,851,81.6,16684,89.7,90.3,55.0,2,75,2,0,12.0,0.48,2.0,0.08,35,20,26,7,29,21,8,23,1345,196,713,581,58,22,5,60.0,20.0,643,2143,13,2,8,3,774,2,10,15,1,3,80,50,36,58.1
Jarrod Bowen,ENG,West Ham,"FW,MF",28.36,30,30,2631,9,7,1,0,7.4,6.3,97,85,183,0.31,0.24,0.25,0.22,,,,,40.0,1.03,0.11,17.8,510,71.8,8497,83.9,76.4,55.1,49,37,42,7,102.0,3.49,13.0,0.44,36,23,37,20,21,3,18,16,1098,25,125,401,596,150,115,34.8,56.5,651,2295,43,55,67,68,718,183,18,47,9,100,120,11,44,20.0
Jean-Clair Todibo,FRA,West Ham,DF,25.33,23,16,1485,0,0,2,0,0.2,0.0,9,28,5,0.0,0.0,0.01,0.0,,,,,0.0,0.0,0.0,14.6,761,87.9,13519,93.3,94.8,45.3,2,40,1,0,5.0,0.3,0.0,0.0,36,22,30,7,23,12,11,20,1044,142,583,432,38,9,14,50.0,50.0,604,1354,5,0,9,8,714,5,10,5,0,2,62,23,23,50.0
Jean-Philippe Mateta,FRA,Crystal Palace,FW,27.84,33,30,2442,14,2,2,0,12.1,3.1,37,46,114,0.52,0.07,0.45,0.11,,,,,41.7,0.92,0.2,15.6,269,65.0,3557,76.4,62.5,31.8,27,31,15,2,56.0,2.06,8.0,0.29,17,12,16,13,16,3,13,2,680,24,57,327,310,86,42,42.9,47.6,363,894,20,8,67,41,502,114,27,26,17,24,60,59,95,38.3
Jean-Ricner Bellegarde,FRA,Wolves,"MF,FW",26.84,31,18,1486,2,6,3,0,1.3,3.6,47,36,81,0.12,0.36,0.08,0.22,,,,,25.0,0.3,0.1,21.7,403,79.2,6227,89.4,80.9,57.7,26,27,15,7,53.0,3.21,10.0,0.61,33,19,18,6,18,3,15,10,724,23,126,328,286,41,58,22.4,53.4,446,1375,34,10,36,23,500,81,29,39,1,38,55,8,18,30.8
Jefferson Lerma,COL,Crystal Palace,"MF,DF",30.51,29,23,2030,0,1,8,0,1.0,1.5,11,86,24,0.0,0.04,0.04,0.06,,,,,29.2,0.31,0.0,19.4,775,75.5,13637,86.8,81.3,46.7,9,83,17,2,42.0,1.86,3.0,0.13,30,15,33,16,32,15,17,36,1269,95,403,653,223,26,12,50.0,33.3,596,1004,10,0,14,15,745,24,34,35,0,11,139,39,38,50.6
Jens Cajuste,SWE,Ipswich Town,MF,25.72,26,23,1774,1,0,2,0,0.5,0.6,23,46,16,0.05,0.0,0.02,0.03,,,,,10.0,0.05,0.1,21.3,572,82.4,9440,88.8,85.7,50.0,11,45,5,1,30.0,1.52,1.0,0.05,39,19,47,28,24,9,15,25,904,59,261,475,182,11,45,53.3,33.3,420,1175,21,3,21,14,521,16,21,21,0,9,98,12,20,37.5
Jeremy Doku,BEL,Manchester City,"FW,MF",22.93,25,14,1307,3,5,1,0,1.0,3.9,176,62,235,0.21,0.34,0.07,0.27,,,,,37.5,0.62,0.13,18.2,517,79.5,7264,86.8,81.9,66.7,25,10,41,5,63.0,4.34,12.0,0.83,28,19,14,7,10,1,9,4,878,4,42,205,654,122,175,56.0,28.0,678,4066,83,80,51,50,729,235,7,30,5,48,52,0,10,0.0
Jesper Lindstrøm,DEN,Everton,FW,25.16,25,15,1239,0,1,2,0,2.1,2.0,30,25,81,0.0,0.07,0.15,0.15,,,,,35.7,0.73,0.0,21.0,297,69.4,4593,86.2,65.7,44.6,19,18,12,7,46.0,3.35,1.0,0.07,45,25,55,36,15,3,12,12,625,22,127,206,303,40,43,18.6,72.1,302,780,19,7,31,24,347,81,15,10,1,71,70,6,12,33.3
Joe Aribo,NGA,Southampton,"MF,DF",28.78,30,20,1909,3,0,1,0,2.7,1.6,35,71,64,0.14,0.0,0.13,0.07,,,,,41.2,0.33,0.18,14.0,878,88.5,13041,91.3,90.9,68.9,16,50,4,1,37.0,1.75,1.0,0.05,44,30,34,17,24,9,15,20,1203,46,288,632,294,44,46,39.1,47.8,708,1923,28,12,25,16,879,64,20,28,1,10,110,25,21,54.3
Joe Willock,ENG,Newcastle Utd,"MF,FW",25.69,29,10,953,0,2,2,0,1.5,1.9,34,35,76,0.0,0.19,0.14,0.18,,,,,18.8,0.28,0.0,15.7,262,81.9,3708,88.6,86.0,42.1,21,23,8,0,41.0,3.88,4.0,0.38,25,14,28,10,22,5,17,5,472,12,70,198,212,47,32,34.4,46.9,282,892,23,12,33,22,327,76,20,12,3,16,35,5,13,27.8
Joelinton,BRA,Newcastle Utd,"MF,FW",28.71,29,29,2393,4,3,10,0,3.9,2.5,40,116,110,0.15,0.11,0.15,0.09,,,,,28.9,0.49,0.09,14.0,863,82.7,12199,87.7,86.6,60.0,23,80,17,2,61.0,2.29,9.0,0.34,57,35,44,19,37,7,30,23,1360,67,256,670,448,83,46,32.6,60.9,729,1786,26,9,39,53,934,110,58,35,7,16,149,59,46,56.2
John McGinn,SCO,Aston Villa,"MF,FW",30.53,30,24,1992,1,3,7,0,2.9,3.4,30,90,70,0.05,0.14,0.13,0.15,,,,,19.2,0.23,0.04,16.2,635,82.8,10675,91.6,86.5,59.8,27,60,27,7,66.0,2.98,6.0,0.27,31,22,26,15,20,2,18,14,965,27,154,514,307,52,43,39.5,27.9,530,1142,16,6,33,25,677,70,43,63,3,50,92,15,10,60.0
Jordan Pickford,ENG,Everton,GK,31.15,34,34,3060,0,1,7,0,0.0,0.4,0,0,0,0.0,0.03,0.0,0.01,1.21,71.5,29.4,100.0,,0.0,,,939,66.2,29916,99.3,98.3,46.5,2,66,8,0,12.0,0.35,2.0,0.06,1,0,2,1,0,0,0,1,1518,989,1451,68,0,0,0,,,861,3099,0,0,2,0,756,0,0,6,0,0,31,4,1,80.0
Joshua Zirkzee,NED,Manchester Utd,"FW,MF",23.94,32,14,1402,3,1,2,0,4.8,1.5,14,44,69,0.19,0.06,0.31,0.1,,,,,39.3,0.71,0.11,13.1,292,71.2,3600,78.1,74.4,50.0,12,26,6,0,31.0,1.99,3.0,0.19,14,8,10,5,15,4,11,6,587,16,71,303,219,56,35,31.4,68.6,327,523,21,4,41,30,418,69,9,13,3,4,57,21,54,28.0
José Sá,POR,Wolves,GK,32.28,26,26,2340,0,0,2,0,0.0,0.1,0,2,0,0.0,0.0,0.0,0.01,1.69,62.3,26.9,33.3,,0.0,,,516,63.5,13520,99.0,97.3,30.4,2,17,1,0,4.0,0.15,0.0,0.0,2,2,2,0,0,0,0,0,870,690,862,9,0,0,7,100.0,0.0,537,2083,0,0,1,0,426,0,4,8,0,0,29,8,0,100.0
João Gomes,BRA,Wolves,MF,24.21,32,32,2691,3,1,10,1,2.7,1.1,53,146,66,0.1,0.03,0.09,0.04,,,,,21.2,0.23,0.09,18.1,1233,85.0,17654,90.9,85.8,61.0,21,106,22,1,61.0,2.04,3.0,0.1,99,58,97,59,39,3,36,25,1789,55,380,987,448,41,56,46.4,42.9,935,2578,50,6,36,49,1200,66,65,39,1,27,174,9,24,27.3
João Pedro,BRA,Brighton,"FW,MF",23.59,27,23,1948,10,6,4,1,8.9,5.0,66,78,128,0.46,0.28,0.41,0.23,,,,,35.7,0.69,0.12,17.2,482,72.9,6847,78.7,75.1,65.9,30,42,36,5,72.0,3.32,9.0,0.42,16,12,11,7,12,0,12,9,940,12,60,387,508,122,86,33.7,54.7,616,1821,39,30,72,38,732,128,26,46,2,22,59,41,43,48.8
Joël Veltman,NED,Brighton,DF,33.29,19,19,1643,0,0,4,0,0.5,0.5,29,79,32,0.0,0.0,0.03,0.03,,,,,16.7,0.05,0.0,19.7,716,80.0,12082,89.8,80.6,63.3,6,61,8,5,22.0,1.21,1.0,0.05,42,28,51,21,22,7,15,18,1097,64,327,540,240,10,15,26.7,33.3,524,1414,22,3,19,7,598,32,26,42,0,23,67,21,18,53.8
Joško Gvardiol,CRO,Manchester City,DF,23.27,33,32,2917,5,0,2,0,4.4,2.0,78,240,96,0.15,0.0,0.13,0.06,,,,,29.7,0.34,0.14,13.0,2240,90.9,36418,94.3,93.1,67.9,25,225,19,1,69.0,2.13,7.0,0.22,51,34,37,18,39,19,20,36,2808,141,703,1412,716,85,40,57.5,35.0,1826,5505,91,13,24,16,2062,96,13,21,2,19,130,48,33,59.3
Jurriën Timber,NED,Arsenal,DF,23.87,30,27,2417,1,3,7,0,1.2,0.8,57,146,104,0.04,0.11,0.05,0.03,,,,,28.6,0.15,0.07,14.1,1194,85.6,17327,91.0,86.0,52.9,17,107,17,2,52.0,1.94,9.0,0.34,58,38,27,9,19,4,15,22,1661,51,304,859,505,66,53,45.3,45.3,890,2076,27,11,33,24,1052,104,31,29,6,28,94,22,20,52.4
Justin Kluivert,NED,Bournemouth,"MF,FW",25.99,30,26,2097,12,6,8,0,9.9,4.8,72,95,146,0.52,0.26,0.42,0.21,,,,,43.1,0.94,0.12,20.3,516,74.2,7951,83.4,76.1,54.4,45,40,32,6,94.0,4.03,11.0,0.47,21,9,20,16,24,0,24,13,969,23,93,327,569,115,82,40.2,47.6,576,2092,50,34,49,24,631,146,40,29,5,78,71,7,25,21.9
Jørgen Strand Larsen,NOR,Wolves,FW,25.23,32,29,2463,13,2,4,0,10.0,2.4,16,28,106,0.48,0.07,0.37,0.09,,,,,60.4,1.17,0.25,11.4,272,63.1,3547,70.5,63.2,70.0,19,18,4,1,40.0,1.46,5.0,0.18,9,6,27,23,18,4,14,5,695,34,83,329,284,104,17,41.2,58.8,328,446,13,9,88,32,507,106,46,18,14,6,42,66,96,40.7
Kai Havertz,GER,Arsenal,"FW,MF",25.88,21,21,1839,9,3,4,0,9.4,2.4,34,59,110,0.44,0.15,0.46,0.12,,,,,40.4,1.03,0.17,11.7,401,78.5,4833,84.1,82.5,45.5,16,26,8,1,41.0,2.01,3.0,0.15,16,9,15,11,22,4,18,6,768,31,88,282,403,103,38,23.7,63.2,411,922,23,18,42,22,575,110,36,21,14,11,39,62,73,45.9
Kalvin Phillips,ENG,Ipswich Town,MF,29.41,18,14,1214,0,0,6,1,0.4,0.2,4,49,4,0.0,0.0,0.03,0.02,,,,,20.0,0.15,0.0,24.2,426,79.3,8392,82.9,86.6,62.1,5,48,6,1,17.0,1.26,3.0,0.22,34,19,38,23,35,6,29,19,722,60,220,388,118,4,12,41.7,50.0,302,541,5,0,24,10,383,4,28,19,0,18,68,7,21,25.0
Kamaldeen Sulemana,GHA,Southampton,"FW,MF",23.2,22,13,1122,1,1,1,0,1.3,0.7,56,25,72,0.08,0.08,0.11,0.06,,,,,32.0,0.64,0.04,18.5,235,79.1,3417,89.7,81.6,42.3,9,6,11,6,27.0,2.17,3.0,0.24,16,14,13,5,9,0,9,6,483,13,64,178,259,48,91,36.3,54.9,313,1369,34,23,37,22,338,72,18,10,2,24,51,8,20,28.6
Kaoru Mitoma,JPN,Brighton,"FW,MF",27.95,33,28,2521,9,3,1,0,8.8,4.4,138,82,277,0.32,0.11,0.31,0.16,,,,,46.3,0.89,0.17,13.9,701,75.3,9130,86.9,70.5,44.0,35,34,32,8,83.0,2.96,8.0,0.29,43,26,46,28,46,3,43,13,1300,15,149,445,734,156,127,38.6,57.5,786,3663,76,55,49,22,911,277,39,23,5,72,92,24,27,47.1
Keane Lewis-Potter,ENG,Brentford,"DF,FW",24.18,33,31,2714,1,3,5,0,2.6,3.0,92,88,143,0.03,0.1,0.08,0.1,,,,,51.9,0.46,0.04,20.5,858,77.2,14139,89.4,79.0,49.7,22,56,40,14,65.0,2.16,8.0,0.27,44,26,42,16,24,9,15,19,1414,93,430,542,460,69,94,40.4,50.0,747,2921,61,34,42,18,835,143,14,27,4,67,131,26,33,44.1
Kenny Tete,NED,Fulham,DF,29.56,18,17,1438,0,2,3,0,1.2,0.9,33,46,45,0.0,0.13,0.08,0.05,,,,,9.1,0.13,0.0,16.1,645,81.2,10261,91.7,80.0,60.2,7,56,7,5,30.0,1.88,3.0,0.19,49,34,32,12,20,6,14,28,997,57,320,407,278,32,19,42.1,31.6,520,1210,20,7,16,10,575,45,25,14,0,26,61,18,12,60.0
Kepa Arrizabalaga,ESP,Bournemouth,GK,30.57,27,27,2430,0,0,3,0,0.1,0.0,0,2,0,0.0,0.0,0.0,0.0,1.26,75.4,25.9,0.0,0.0,0.0,0.0,9.7,636,71.5,17590,98.0,98.2,46.9,1,9,0,0,4.0,0.15,0.0,0.0,1,0,1,1,1,0,1,0,945,695,918,26,1,1,1,100.0,0.0,534,1529,0,0,0,0,413,0,2,5,0,0,48,7,1,87.5
Kevin De Bruyne,BEL,Manchester City,"MF,FW",33.84,24,16,1455,3,7,2,0,3.4,7.6,47,128,132,0.19,0.43,0.21,0.47,,,,,27.1,0.8,0.06,21.9,756,75.6,12912,85.1,76.7,58.1,51,75,48,10,101.0,6.24,11.0,0.68,15,8,21,17,8,0,8,7,1153,10,70,391,702,66,30,40.0,46.7,677,1825,43,18,24,25,862,132,14,16,5,115,53,4,14,22.2
Kevin Schade,GER,Brentford,FW,23.42,33,21,1931,7,2,3,0,6.2,3.3,54,32,139,0.33,0.09,0.29,0.16,,,,,42.2,0.89,0.16,11.9,279,58.7,4339,69.2,60.1,41.5,19,29,9,3,46.0,2.15,8.0,0.37,34,23,20,8,14,2,12,5,757,37,124,209,439,121,75,34.7,57.3,382,1236,26,33,48,33,468,139,19,31,13,36,71,75,62,54.7
Kieran Trippier,ENG,Newcastle Utd,DF,34.61,23,13,1192,0,3,1,0,0.1,1.3,25,106,52,0.0,0.23,0.01,0.1,,,,,0.0,0.0,0.0,22.2,942,82.1,16029,94.1,85.4,47.8,19,65,17,2,49.0,3.7,6.0,0.45,36,19,34,13,9,3,6,11,1267,45,354,550,371,12,7,57.1,42.9,562,1139,13,4,11,7,780,52,16,10,2,74,61,19,14,57.6
Kobbie Mainoo,ENG,Manchester Utd,MF,20.03,21,17,1416,0,0,5,0,0.6,1.6,21,56,38,0.0,0.0,0.04,0.1,,,,,15.4,0.13,0.0,20.8,627,86.1,8304,91.9,87.7,71.8,14,45,9,0,29.0,1.84,1.0,0.06,39,24,34,13,16,2,14,19,924,19,175,523,235,32,46,50.0,45.7,568,1089,14,10,30,32,656,38,26,19,2,4,77,18,27,40.0
Konstantinos Mavropanos,GRE,West Ham,DF,27.38,30,20,1944,0,0,6,1,1.5,0.5,16,60,2,0.0,0.0,0.07,0.02,,,,,27.8,0.23,0.0,14.8,1010,85.9,19926,91.2,92.3,58.4,5,60,4,1,16.0,0.74,0.0,0.0,32,22,25,11,23,17,6,38,1428,221,743,631,62,24,17,52.9,29.4,792,2123,10,1,12,0,934,2,17,14,3,2,67,56,24,70.0
Kristoffer Ajer,NOR,Brentford,DF,27.04,20,17,1388,0,0,4,0,0.8,1.2,27,52,42,0.0,0.0,0.05,0.08,,,,,37.5,0.19,0.0,10.2,482,78.2,7521,86.8,79.7,49.1,8,41,7,4,18.0,1.17,2.0,0.13,24,16,26,12,17,4,13,12,762,51,255,355,158,35,16,43.8,50.0,373,1164,11,2,15,12,475,42,11,6,1,14,41,27,22,55.1
Kyle Walker,ENG,Manchester City,DF,34.92,15,9,970,0,0,3,0,0.1,0.4,12,64,11,0.0,0.0,0.01,0.04,,,,,40.0,0.19,0.0,27.7,724,87.7,11928,94.6,91.3,51.2,7,63,7,4,17.0,1.58,0.0,0.0,17,10,26,12,13,4,9,3,892,26,197,473,228,5,6,50.0,33.3,499,1106,13,0,9,2,630,11,6,5,1,14,46,9,7,56.3
Kyle Walker-Peters,ENG,Southampton,DF,28.05,32,32,2828,0,2,5,0,0.8,2.7,112,134,139,0.0,0.06,0.03,0.09,,,,,30.0,0.19,0.0,18.3,1450,88.0,21806,93.8,89.7,60.4,23,117,29,4,62.0,1.97,7.0,0.22,43,28,34,18,25,14,11,18,1970,149,603,854,529,58,90,41.1,43.3,1228,4264,69,23,32,38,1391,139,28,49,2,51,130,11,21,34.4
Leandro Trossard,BEL,Arsenal,FW,30.4,34,25,2264,8,5,4,1,6.6,5.1,71,91,202,0.32,0.2,0.26,0.2,,,,,30.3,0.8,0.12,16.0,616,73.6,10098,84.8,76.0,51.2,36,40,41,9,78.0,3.1,6.0,0.24,25,16,31,22,28,0,28,9,1118,15,117,350,667,137,70,41.4,44.3,710,1879,47,27,53,42,836,202,24,41,5,78,90,6,21,22.2
Leif Davis,ENG,Ipswich Town,DF,25.3,31,30,2563,1,2,5,1,0.9,4.3,48,55,117,0.04,0.07,0.03,0.15,,,,,14.3,0.07,0.07,20.4,854,71.5,14708,86.0,77.4,37.3,54,30,26,11,85.0,2.98,4.0,0.14,45,26,46,17,24,8,16,25,1459,115,517,484,477,36,37,35.1,45.9,659,1940,27,10,36,14,770,117,25,30,3,148,111,33,22,60.0
Leny Yoro,FRA,Manchester Utd,DF,19.46,19,11,1069,0,0,5,0,0.7,0.0,19,48,4,0.0,0.0,0.06,0.0,,,,,20.0,0.08,0.0,8.6,642,92.2,10301,95.5,93.9,65.0,1,43,4,1,7.0,0.59,0.0,0.0,25,10,17,6,5,3,2,17,814,80,378,377,61,13,3,33.3,66.7,553,1557,11,1,3,2,588,4,9,2,1,1,41,16,15,51.6
Leon Bailey,JAM,Aston Villa,"FW,MF",27.72,23,14,1138,1,2,3,0,1.7,1.5,57,35,121,0.08,0.16,0.14,0.12,,,,,21.4,0.47,0.04,17.3,273,70.7,4275,81.4,81.1,47.4,16,16,20,2,38.0,3.01,4.0,0.32,6,4,10,8,6,0,6,3,539,18,76,155,318,69,57,38.6,42.1,344,1334,22,33,35,25,386,121,12,18,3,34,59,6,9,40.0
Lesley Ugochukwu,FRA,Southampton,MF,21.1,23,15,1447,1,1,5,0,0.8,1.0,27,48,20,0.06,0.06,0.05,0.06,,,,,11.1,0.06,0.11,18.4,536,84.5,8330,87.5,91.9,57.1,14,50,6,1,23.0,1.43,1.0,0.06,46,22,32,15,25,9,16,12,793,45,191,446,162,23,26,69.2,26.9,431,1122,14,6,12,10,538,20,26,14,0,6,59,18,17,51.4
Levi Colwill,ENG,Chelsea,DF,22.17,31,31,2789,1,1,8,0,1.3,1.1,13,124,11,0.03,0.03,0.04,0.04,,,,,18.8,0.1,0.06,9.9,2167,89.6,39487,92.7,95.3,57.7,14,144,7,3,37.0,1.19,3.0,0.1,40,28,25,9,34,24,10,31,2669,330,1241,1310,128,35,10,60.0,40.0,1526,3857,11,1,13,8,1964,11,42,18,4,13,108,76,51,59.8
Lewis Cook,ENG,Bournemouth,"MF,DF",28.24,33,29,2726,1,3,8,0,0.9,4.1,33,152,48,0.03,0.1,0.03,0.14,,,,,28.6,0.13,0.07,23.4,1131,76.5,19703,84.6,84.8,45.4,47,149,25,10,86.0,2.84,5.0,0.17,77,41,65,30,28,10,18,40,1776,82,416,930,449,19,17,58.8,41.2,779,2102,28,4,29,16,888,48,46,10,3,126,178,40,34,54.1
Lewis Dunk,ENG,Brighton,DF,33.44,24,22,1993,0,0,5,0,0.8,0.5,20,142,3,0.0,0.0,0.04,0.02,,,,,25.0,0.14,0.0,12.1,1724,90.9,32037,96.2,95.1,62.5,6,154,6,0,19.0,0.86,3.0,0.14,17,10,19,8,26,17,9,12,2062,245,966,994,112,21,1,0.0,100.0,1302,3247,18,0,8,3,1509,3,7,10,2,5,102,49,30,62.0
Lewis Hall,ENG,Newcastle Utd,DF,20.64,27,24,2189,0,4,3,0,0.4,4.3,41,123,80,0.0,0.16,0.02,0.18,,,,,9.1,0.04,0.0,18.8,1300,81.7,21999,91.3,85.1,51.5,34,114,17,5,63.0,2.59,6.0,0.25,58,41,74,34,33,18,15,18,1820,95,623,804,414,47,21,52.4,33.3,950,2358,22,13,33,20,1094,80,9,21,1,110,119,30,31,49.2
Liam Delap,ENG,Ipswich Town,FW,22.22,33,30,2424,12,2,9,0,9.1,1.9,59,30,104,0.45,0.07,0.34,0.07,,,,,43.5,1.0,0.16,15.9,208,61.0,2873,70.3,63.1,39.1,20,16,6,0,60.0,2.23,7.0,0.26,10,7,14,12,8,0,8,2,647,29,78,270,320,87,82,46.3,42.7,424,1511,45,28,96,55,507,104,65,48,13,5,64,52,67,43.7
Lisandro Martínez,ARG,Manchester Utd,DF,27.28,20,20,1751,2,1,7,0,1.3,1.1,23,117,7,0.1,0.05,0.07,0.06,,,,,35.3,0.31,0.12,15.9,1200,89.4,20292,94.2,93.0,55.2,9,91,18,2,26.0,1.34,2.0,0.1,40,24,36,15,22,8,14,32,1524,156,713,697,125,18,7,85.7,14.3,1017,3129,23,2,1,3,1069,7,22,7,0,9,81,16,13,55.2
Lucas Bergvall,SWE,Tottenham,MF,19.24,27,11,1212,0,1,3,0,0.7,0.6,33,49,31,0.0,0.07,0.05,0.04,,,,,16.7,0.15,0.0,19.9,629,87.4,10567,91.9,89.8,74.6,11,53,7,3,22.0,1.63,4.0,0.3,39,19,32,15,18,8,10,24,885,36,188,478,232,22,45,46.7,44.4,531,1634,21,4,20,19,586,31,20,17,0,21,73,9,8,52.9
Lucas Digne,FRA,Aston Villa,DF,31.78,30,27,2241,0,4,4,0,0.8,4.4,23,54,140,0.0,0.16,0.03,0.17,,,,,23.1,0.12,0.0,22.7,924,75.0,14998,88.2,78.6,39.7,35,43,29,18,63.0,2.53,5.0,0.2,62,36,62,20,23,4,19,25,1473,90,510,449,524,28,19,47.4,47.4,669,1319,14,4,17,15,804,140,20,14,7,138,98,34,26,56.7
Lucas Paquetá,BRA,West Ham,"MF,FW",27.67,30,26,2257,4,0,8,0,5.2,3.0,20,140,82,0.16,0.0,0.21,0.12,,,,,7.9,0.12,0.05,19.6,1047,77.4,17297,84.0,79.3,63.5,35,121,41,4,78.0,3.11,6.0,0.24,63,35,49,25,27,4,23,17,1672,58,338,919,428,56,42,40.5,47.6,862,1255,31,2,51,50,1181,82,49,57,6,28,140,47,57,45.2
Luis Díaz,COL,Liverpool,FW,28.29,33,26,2225,12,5,2,0,10.0,4.9,103,103,269,0.49,0.2,0.4,0.2,,,,,41.5,1.09,0.18,13.5,697,84.3,11124,88.6,86.0,82.4,54,45,43,6,116.0,4.69,16.0,0.65,33,21,34,21,18,0,18,7,1109,15,78,382,668,155,111,45.9,43.2,733,2803,53,55,51,43,878,269,48,30,10,30,98,12,33,26.7
Luke Woolfenden,ENG,Ipswich Town,DF,26.52,14,11,1097,0,0,2,0,0.0,0.0,7,15,0,0.0,0.0,0.0,0.0,,,,,0.0,0.0,0.0,12.9,450,87.7,8278,96.6,93.4,52.2,0,27,0,0,2.0,0.16,0.0,0.0,9,6,5,3,21,14,7,18,638,139,365,264,9,3,0,,,341,1165,3,0,4,0,399,0,5,2,1,0,35,15,12,55.6
Mads Hermansen,DEN,Leicester City,GK,24.8,27,27,2385,0,0,1,0,0.0,0.0,0,1,0,0.0,0.0,0.0,0.0,2.19,64.5,3.7,25.0,,0.0,,,654,61.0,17066,97.4,94.8,32.7,0,20,1,0,3.0,0.11,0.0,0.0,1,1,1,0,1,0,1,0,1147,831,1106,43,0,0,1,100.0,0.0,734,1904,0,0,1,0,625,0,0,3,0,0,17,4,1,80.0
Mads Roerslev,DEN,Brentford,DF,25.85,19,11,1101,0,2,2,0,0.2,3.0,17,51,54,0.0,0.16,0.02,0.24,,,,,40.0,0.16,0.0,20.8,422,78.7,6925,88.0,79.9,55.1,14,37,11,4,21.0,1.72,2.0,0.16,18,8,28,17,12,5,7,4,645,49,234,268,146,20,19,36.8,42.1,352,858,13,0,9,6,407,54,6,10,0,31,39,10,14,41.7
Malo Gusto,FRA,Chelsea,DF,21.95,28,19,1819,0,1,4,0,1.7,1.2,48,118,84,0.0,0.05,0.08,0.06,,,,,18.2,0.2,0.0,21.3,1168,86.4,19089,93.1,88.2,61.3,20,107,18,6,56.0,2.77,4.0,0.2,43,28,47,23,29,8,21,23,1553,57,375,752,438,42,15,26.7,66.7,861,2170,35,8,16,17,1047,84,20,18,2,51,114,8,15,34.8
Manuel Akanji,SUI,Manchester City,DF,29.78,22,20,1711,0,0,3,0,0.7,0.4,38,135,6,0.0,0.0,0.04,0.02,,,,,10.0,0.05,0.0,16.3,1395,93.9,22867,95.9,95.5,73.9,9,150,11,2,34.0,1.79,2.0,0.11,15,10,12,5,11,8,3,7,1598,108,472,776,352,11,2,100.0,0.0,1044,3286,52,0,4,5,1264,6,16,9,0,11,86,24,29,45.3
Manuel Ugarte Ribeiro,URU,Manchester Utd,MF,24.05,26,20,1616,1,1,9,0,1.0,1.1,12,55,19,0.06,0.06,0.05,0.06,,,,,16.7,0.17,0.06,22.0,715,87.5,11713,89.2,93.3,74.0,9,52,9,3,30.0,1.67,3.0,0.17,70,43,60,35,27,3,24,25,1047,40,300,575,190,15,31,54.8,32.3,599,1155,12,1,29,24,650,19,35,31,0,7,111,17,18,48.6
Marc Cucurella,ESP,Chelsea,DF,26.77,32,29,2628,4,1,10,1,2.6,1.9,30,104,108,0.14,0.03,0.09,0.06,,,,,40.9,0.31,0.18,16.5,1529,88.0,24117,93.9,90.0,57.4,18,108,12,3,46.0,1.58,5.0,0.17,58,38,50,25,40,13,27,23,2014,100,603,933,486,72,13,30.8,53.8,864,2105,17,2,26,6,1259,108,33,32,3,29,110,29,51,36.3
Marc Guéhi,ENG,Crystal Palace,DF,24.8,32,32,2879,3,2,9,1,1.9,1.2,22,126,8,0.09,0.06,0.06,0.04,,,,,50.0,0.22,0.21,10.3,1377,83.3,26335,91.1,88.8,55.3,12,127,11,3,38.0,1.19,5.0,0.16,56,31,45,15,53,22,31,25,1994,292,987,881,137,31,14,78.6,14.3,1065,2804,17,1,16,16,1243,8,22,26,1,13,135,66,50,56.9
Marcos Senesi,ARG,Bournemouth,DF,27.97,15,12,1014,0,0,5,0,0.8,0.2,12,51,5,0.0,0.0,0.07,0.02,,,,,0.0,0.0,0.0,6.0,493,76.6,10211,88.0,85.9,49.7,3,73,12,3,16.0,1.42,1.0,0.09,35,21,30,16,15,7,8,11,783,67,349,376,67,12,9,55.6,44.4,483,1465,14,0,6,5,493,5,19,7,0,10,67,23,27,46.0
Marcus Rashford,ENG,Manchester Utd,"FW,MF",27.5,15,12,978,4,1,2,0,1.7,2.1,20,21,79,0.37,0.09,0.16,0.19,,,,,56.3,0.83,0.25,16.4,253,73.8,3508,83.6,65.9,50.0,15,13,16,8,29.0,2.67,1.0,0.09,7,4,9,6,8,0,8,4,440,3,35,189,222,34,39,23.1,66.7,293,728,19,12,14,6,341,79,8,7,7,27,24,5,7,41.7
Marcus Tavernier,ENG,Bournemouth,"FW,MF",26.11,25,16,1580,3,5,5,0,5.2,2.8,39,99,103,0.17,0.28,0.3,0.16,,,,,31.3,0.85,0.06,20.5,530,72.4,8961,85.9,78.2,43.6,36,61,29,9,82.0,4.67,10.0,0.57,39,23,25,16,15,3,12,4,956,18,108,358,511,49,52,42.3,51.9,540,1569,37,7,36,43,612,103,25,20,4,89,96,24,31,43.6
Mario Lemina,GAB,Wolves,"MF,DF",31.66,17,15,1364,1,3,4,0,1.4,1.1,8,48,21,0.07,0.2,0.09,0.07,,,,,27.8,0.33,0.06,21.9,493,80.4,9479,85.0,87.7,61.1,10,43,13,4,26.0,1.71,5.0,0.33,51,31,29,9,12,7,5,27,809,92,324,378,119,18,16,62.5,25.0,382,1038,12,2,21,11,482,21,17,8,4,10,73,25,16,61.0
Mark Flekken,NED,Brentford,GK,31.88,32,32,2825,0,1,1,0,0.0,0.2,0,0,0,0.0,0.03,0.0,0.01,1.53,73.3,15.6,0.0,,0.0,,,1113,73.3,32882,97.8,97.4,50.1,2,44,2,0,7.0,0.22,1.0,0.03,4,4,9,6,2,0,2,0,1616,1261,1569,52,0,0,1,100.0,0.0,987,2803,0,0,3,0,905,0,0,3,0,0,35,4,0,100.0
Martin Ødegaard,NOR,Arsenal,MF,26.37,26,23,2040,2,6,4,0,4.4,4.6,79,231,142,0.09,0.26,0.2,0.2,,,,,31.7,0.57,0.02,18.7,1099,82.6,17070,90.3,87.1,53.0,56,115,78,5,112.0,4.95,13.0,0.57,19,11,24,20,4,0,4,4,1494,6,98,625,785,104,54,40.7,55.6,1031,3279,72,23,28,38,1188,142,10,20,1,80,86,8,7,53.3
Mateo Kovačić,CRO,Manchester City,MF,30.98,28,22,1960,6,1,5,0,1.7,3.5,51,142,15,0.28,0.05,0.08,0.16,,,,,31.6,0.55,0.16,22.2,1523,92.5,23541,95.0,95.6,62.5,28,178,27,0,59.0,2.71,6.0,0.28,61,36,59,32,19,0,19,20,1859,48,274,1063,543,16,38,52.6,28.9,1259,3432,71,3,16,29,1506,15,22,22,0,0,109,9,7,56.3
Mateus Fernandes,POR,Southampton,MF,20.81,32,30,2584,2,3,8,0,3.7,2.6,72,130,99,0.07,0.1,0.13,0.09,,,,,36.8,0.49,0.05,18.6,977,79.7,16522,87.9,85.4,54.9,30,89,21,4,68.0,2.37,6.0,0.21,81,43,61,31,39,5,34,21,1577,57,336,774,503,45,96,44.8,45.8,814,2926,65,8,50,33,976,99,40,52,3,102,162,13,9,59.1
Matheus Cunha,BRA,Wolves,"MF,FW",25.93,29,26,2341,15,6,3,0,7.9,7.3,103,129,144,0.58,0.23,0.3,0.28,,,,,42.1,1.54,0.16,20.6,727,72.0,11575,85.3,75.8,45.6,51,88,54,10,117.0,4.5,16.0,0.62,35,21,35,24,19,1,18,16,1393,22,171,643,627,113,126,45.2,43.7,800,3062,88,35,70,47,939,144,39,69,8,120,120,10,27,27.0
Matheus Nunes,POR,Manchester City,"DF,MF",26.67,23,16,1404,1,5,4,0,0.9,4.2,56,66,151,0.06,0.32,0.06,0.27,,,,,42.9,0.19,0.14,18.3,885,86.5,13810,91.4,88.7,66.2,21,43,25,7,39.0,2.5,6.0,0.38,28,18,31,18,14,3,11,12,1166,35,207,442,522,53,33,45.5,39.4,717,1991,26,22,27,11,842,151,28,14,6,37,57,13,15,46.4
Matt Doherty,IRL,Wolves,DF,33.28,27,22,1901,2,1,6,0,1.0,1.5,29,75,39,0.09,0.05,0.05,0.07,,,,,30.0,0.14,0.2,11.4,974,82.6,18234,90.1,86.7,62.4,11,87,14,1,24.0,1.14,3.0,0.14,36,20,22,7,26,15,11,21,1394,115,542,690,179,25,20,55.0,30.0,730,2034,19,4,11,5,883,39,18,11,2,18,98,48,19,71.6
Matthijs de Ligt,NED,Manchester Utd,DF,25.72,28,24,2089,2,0,3,0,2.5,0.3,7,55,6,0.09,0.0,0.11,0.01,,,,,50.0,0.39,0.11,7.9,1225,90.1,21549,94.1,94.5,50.5,6,63,2,1,14.0,0.6,1.0,0.04,30,22,32,9,29,21,8,33,1584,181,813,722,56,29,4,50.0,50.0,1063,2219,3,0,5,3,1142,6,16,12,2,6,66,57,29,66.3
Matty Cash,POL,Aston Villa,DF,27.73,23,20,1710,1,1,6,0,0.3,1.1,44,38,70,0.05,0.05,0.02,0.06,,,,,40.0,0.21,0.1,19.0,607,78.6,10099,89.7,79.8,49.4,10,36,8,4,22.0,1.16,2.0,0.11,46,26,33,10,17,6,11,21,963,70,350,382,242,37,32,46.9,43.8,479,1576,33,4,17,6,547,70,24,15,1,30,61,17,19,47.2
Matz Sels,BEL,Nott'ham Forest,GK,33.17,33,33,2970,0,0,3,0,0.0,0.0,0,1,0,0.0,0.0,0.0,0.0,1.18,74.7,39.4,0.0,,0.0,,,441,50.1,16937,100.0,97.7,36.5,1,38,2,0,5.0,0.15,0.0,0.0,1,1,1,0,0,0,0,0,969,741,955,14,0,0,0,,,469,1436,0,0,0,0,375,0,0,10,0,0,9,14,2,87.5
Max Kilman,ENG,West Ham,DF,27.94,34,34,2988,0,1,4,0,1.4,1.2,29,106,6,0.0,0.03,0.04,0.04,,,,,18.2,0.06,0.0,8.4,1511,86.9,29227,92.2,92.8,58.4,16,100,4,0,28.0,0.84,3.0,0.09,30,17,23,4,55,37,18,37,2113,428,1178,848,103,30,20,70.0,10.0,1119,2917,12,2,16,2,1404,6,17,12,2,3,135,101,48,67.8
Maxence Lacroix,FRA,Crystal Palace,DF,25.07,31,31,2756,1,1,5,0,2.8,0.8,8,59,7,0.03,0.03,0.09,0.02,,,,,20.0,0.16,0.04,11.8,1093,81.9,22521,85.3,90.9,55.3,6,66,2,1,26.0,0.85,4.0,0.13,67,40,47,15,41,16,25,50,1737,314,1060,612,72,36,13,61.5,23.1,931,1946,4,0,21,3,1024,7,31,18,1,6,121,54,44,55.1
Micky van de Ven,NED,Tottenham,DF,24.03,12,11,950,0,2,4,0,0.6,1.2,8,51,1,0.0,0.19,0.05,0.11,,,,,33.3,0.19,0.0,11.1,706,91.0,13313,91.7,96.5,62.5,2,50,1,0,11.0,1.04,2.0,0.19,10,6,14,6,9,6,3,10,862,101,442,393,36,9,8,50.0,50.0,599,1388,10,1,5,4,629,1,10,8,0,0,61,19,18,51.4
Mikel Merino,ESP,Arsenal,"MF,FW",28.85,25,15,1401,6,2,2,0,4.4,1.9,9,61,86,0.39,0.13,0.28,0.12,,,,,37.5,0.77,0.19,10.5,412,77.9,5686,87.0,78.3,53.3,15,33,24,4,39.0,2.51,4.0,0.26,38,22,29,14,17,5,12,13,709,35,127,300,291,72,17,41.2,35.3,349,638,12,4,21,22,460,86,35,20,7,12,76,57,52,52.3
Mikkel Damsgaard,DEN,Brentford,"MF,FW",24.82,33,29,2495,2,10,2,0,2.6,7.3,62,204,115,0.07,0.36,0.09,0.26,,,,,22.6,0.25,0.06,17.1,954,72.8,16253,85.4,73.5,52.8,55,144,62,15,109.0,3.93,21.0,0.76,73,40,69,42,33,2,31,25,1619,33,293,734,614,70,89,51.7,36.0,924,2615,42,9,53,42,1075,115,15,26,6,118,152,12,25,32.4
Milos Kerkez,HUN,Bournemouth,DF,21.48,34,34,2987,2,5,4,0,0.5,3.4,93,143,163,0.06,0.15,0.02,0.1,,,,,29.4,0.15,0.12,20.4,1175,75.2,18321,89.1,77.9,36.5,31,79,35,22,75.0,2.26,9.0,0.27,49,26,36,14,36,11,25,40,1915,104,494,805,639,57,44,45.5,31.8,952,3268,65,15,43,18,1032,163,27,44,1,120,153,25,46,35.2
Mohamed Salah,EGY,Liverpool,FW,32.87,34,34,3011,28,18,1,0,23.9,12.8,142,129,425,0.84,0.54,0.71,0.38,,,,,42.3,1.4,0.17,14.8,811,71.3,12057,83.7,69.9,58.9,80,49,82,13,153.0,4.57,26.0,0.78,20,11,16,9,11,0,11,7,1526,10,88,464,993,320,123,44.7,52.0,1046,3303,54,113,105,62,1276,425,22,33,16,67,93,9,12,42.9
Mohammed Kudus,GHA,West Ham,"FW,MF",24.74,28,28,2331,4,2,1,1,6.5,2.3,88,74,194,0.15,0.08,0.25,0.09,,,,,29.9,0.77,0.06,15.6,640,83.6,10429,90.0,89.3,68.5,27,42,26,12,95.0,3.67,6.0,0.23,33,19,27,17,23,1,22,4,1141,12,158,466,558,115,188,44.7,46.3,748,2317,56,39,66,88,888,194,35,58,18,70,125,10,35,22.2
Moisés Caicedo,ECU,Chelsea,MF,23.49,34,34,2991,1,2,10,0,0.8,2.9,38,194,33,0.03,0.06,0.02,0.09,,,,,16.7,0.09,0.06,25.1,1792,89.7,31004,92.2,92.5,77.8,28,215,31,2,90.0,2.71,7.0,0.21,100,63,80,30,44,9,35,47,2340,85,502,1442,421,12,54,42.6,35.2,1308,2919,28,2,35,23,1642,33,61,54,0,8,197,30,15,66.7
Morgan Gibbs-White,ENG,Nott'ham Forest,MF,25.25,29,29,2377,5,7,9,1,4.6,4.4,63,139,115,0.19,0.27,0.18,0.17,,,,,34.6,0.68,0.1,17.0,834,78.5,12823,84.9,82.0,58.8,44,110,35,7,98.0,3.71,17.0,0.64,39,18,30,15,14,4,10,17,1382,32,166,695,543,83,73,39.7,46.6,778,2303,46,12,66,37,1037,115,32,35,7,36,113,36,46,43.9
Morgan Rogers,ENG,Aston Villa,"FW,MF",22.76,33,33,2763,8,8,9,0,6.1,6.9,102,113,171,0.26,0.26,0.2,0.22,,,,,36.5,0.62,0.15,15.8,606,73.9,8871,81.4,76.6,80.0,45,69,51,2,95.0,3.1,13.0,0.42,35,18,38,20,24,7,17,5,1229,36,182,535,537,133,145,41.4,45.5,718,2908,62,32,102,67,866,171,46,47,2,21,103,11,43,20.4
Murillo,BRA,Nott'ham Forest,DF,22.82,32,32,2838,1,0,5,0,1.2,1.1,19,100,4,0.03,0.0,0.04,0.03,,,,,20.0,0.13,0.05,24.3,976,77.8,19356,90.9,87.0,47.6,12,110,11,1,35.0,1.11,2.0,0.06,49,33,44,18,66,43,23,29,1665,375,853,737,89,17,33,78.8,21.2,706,2162,24,1,18,9,839,4,25,4,0,12,124,36,19,65.5
Myles Lewis-Skelly,ENG,Arsenal,DF,18.59,19,12,1078,1,0,2,2,0.1,0.3,29,57,32,0.08,0.0,0.01,0.03,,,,,50.0,0.08,0.5,14.3,549,90.7,8096,95.7,90.8,63.2,6,54,8,1,21.0,1.75,0.0,0.0,21,14,9,0,1,0,1,6,705,18,124,386,208,14,26,46.2,34.6,402,1332,21,5,9,8,482,32,10,35,0,8,42,7,7,50.0
Nathan Collins,IRL,Brentford,DF,24.0,33,33,2970,2,2,5,0,2.5,1.5,25,112,18,0.06,0.06,0.08,0.05,,,,,37.5,0.18,0.13,10.8,1501,85.8,28532,88.0,92.4,59.7,9,94,7,2,28.0,0.85,7.0,0.21,35,20,31,10,68,48,20,31,2139,341,1124,867,158,63,12,50.0,41.7,1125,3556,9,0,15,8,1303,18,24,25,6,7,145,103,57,64.4
Neco Williams,WAL,Nott'ham Forest,DF,24.05,30,23,2144,1,2,5,0,2.2,1.4,54,70,81,0.04,0.08,0.09,0.06,,,,,18.8,0.25,0.03,19.7,647,75.2,9805,89.4,72.1,40.5,14,50,17,7,40.0,1.68,5.0,0.21,73,44,68,25,37,8,29,24,1231,136,450,437,359,35,39,38.5,43.6,492,1685,26,14,23,15,570,81,20,34,1,40,84,34,25,57.6
Nick Pope,ENG,Newcastle Utd,GK,33.03,24,24,2160,0,0,2,0,0.0,0.0,0,1,0,0.0,0.0,0.0,0.0,1.33,70.5,29.2,50.0,,0.0,,,484,72.5,12485,99.0,98.4,42.6,1,2,0,0,5.0,0.21,0.0,0.0,0,0,0,0,1,0,1,1,747,596,737,10,0,0,0,,,388,1475,0,0,0,1,263,0,2,5,0,0,19,11,1,91.7
Nicolas Jackson,SEN,Chelsea,FW,23.86,28,26,2114,10,5,7,0,12.2,4.3,46,37,125,0.43,0.21,0.52,0.18,,,,,43.2,1.36,0.14,12.7,291,76.2,3909,81.9,78.0,64.3,28,22,10,1,68.0,2.9,10.0,0.43,19,11,8,5,13,2,11,3,658,19,46,272,349,137,59,30.5,50.8,401,1293,24,30,65,39,490,125,32,29,19,3,44,18,35,34.0
Nicolás Domínguez,ARG,Nott'ham Forest,"MF,FW",26.84,29,19,1624,0,1,8,0,1.4,1.3,12,63,24,0.0,0.06,0.08,0.07,,,,,38.9,0.39,0.0,19.0,686,87.1,9888,91.5,89.8,60.0,13,68,8,0,29.0,1.61,0.0,0.0,75,40,63,34,34,11,23,26,1020,68,260,533,236,24,8,37.5,37.5,378,750,10,2,18,9,554,24,29,15,1,2,99,20,19,51.3
Nikola Milenković,SRB,Nott'ham Forest,DF,27.55,32,32,2880,4,2,4,0,3.6,0.8,3,47,6,0.12,0.06,0.11,0.03,,,,,26.9,0.22,0.15,12.1,705,80.8,14175,86.9,87.1,60.4,7,47,2,0,18.0,0.56,3.0,0.09,42,26,27,6,38,22,16,24,1189,225,650,463,80,58,1,100.0,0.0,454,939,3,2,2,2,603,6,16,4,1,0,71,91,36,71.7
Noni Madueke,ENG,Chelsea,FW,23.14,28,23,1723,7,3,3,0,8.2,3.9,133,63,208,0.37,0.16,0.43,0.2,,,,,41.1,1.57,0.1,14.6,452,77.5,6706,86.5,76.1,56.4,28,12,33,8,72.0,3.76,8.0,0.42,22,15,33,20,14,0,14,8,837,18,83,237,531,163,84,42.9,46.4,562,2970,43,80,41,24,646,208,20,24,4,58,67,10,15,40.0
Noussair Mazraoui,MAR,Manchester Utd,DF,27.46,34,31,2639,0,1,2,0,0.7,1.3,37,102,51,0.0,0.03,0.02,0.05,,,,,23.1,0.1,0.0,20.6,1409,85.5,21053,91.3,89.1,54.3,18,118,18,5,50.0,1.71,1.0,0.03,102,60,85,34,33,8,25,34,1976,158,779,903,318,27,47,55.3,36.2,1086,2680,29,3,23,16,1190,51,37,22,3,20,141,47,28,62.7
Nélson Semedo,POR,Wolves,DF,31.45,30,29,2576,0,4,7,0,0.8,2.7,61,70,107,0.0,0.14,0.03,0.09,,,,,40.0,0.21,0.0,24.2,962,80.1,14666,91.1,82.8,47.0,21,63,25,11,51.0,1.78,6.0,0.21,55,31,49,21,27,10,17,22,1522,113,433,695,412,23,62,45.2,41.9,780,2309,36,9,37,19,873,107,43,27,3,57,116,27,40,40.3
Ola Aina,NGA,Nott'ham Forest,DF,28.56,30,30,2569,2,1,2,0,0.6,0.7,54,91,52,0.07,0.04,0.02,0.03,,,,,22.2,0.07,0.22,24.8,839,73.3,12948,88.1,72.8,36.1,11,78,15,7,50.0,1.75,3.0,0.11,53,40,58,24,32,12,20,30,1462,138,539,610,338,21,64,45.3,37.5,629,2328,35,10,39,21,691,52,21,32,2,42,160,12,18,40.0
Oliver Skipp,ENG,Leicester City,MF,24.62,20,7,907,0,0,7,0,0.2,0.3,15,29,18,0.0,0.0,0.02,0.03,,,,,25.0,0.1,0.0,21.0,352,84.6,5339,87.8,93.1,62.1,9,28,4,0,14.0,1.39,0.0,0.0,17,4,14,6,15,3,12,9,503,23,111,316,80,7,11,54.5,45.5,295,576,7,3,11,5,350,18,17,13,0,4,37,10,5,66.7
Ollie Watkins,ENG,Aston Villa,FW,29.33,34,27,2263,15,7,2,0,14.5,2.9,50,28,143,0.6,0.28,0.58,0.12,,,,,42.1,1.27,0.17,12.2,277,73.7,3489,78.8,81.1,75.0,22,11,11,0,50.0,1.99,11.0,0.44,9,6,11,8,11,3,8,7,620,17,46,223,360,153,38,23.7,65.8,363,1022,21,35,51,44,486,143,27,29,12,7,39,46,61,43.0
Omar Marmoush,EGY,Manchester City,"FW,MF",26.22,12,11,916,6,0,0,0,4.7,1.7,20,26,63,0.59,0.0,0.46,0.17,,,,,44.4,1.57,0.17,18.1,192,78.4,2647,84.6,79.7,50.0,13,8,22,4,33.0,3.24,1.0,0.1,11,6,14,7,14,1,13,5,389,2,27,114,253,52,35,40.0,48.6,249,730,14,11,34,13,282,63,13,17,9,25,29,5,8,38.5
Omari Hutchinson,ENG,Ipswich Town,"MF,FW",21.5,27,26,2223,3,2,5,0,2.3,2.5,71,69,131,0.12,0.08,0.09,0.1,,,,,44.4,0.65,0.08,20.8,581,78.3,9129,88.2,84.6,52.7,23,43,20,9,64.0,2.59,6.0,0.24,30,11,45,32,24,1,23,10,1061,12,168,450,463,74,114,39.5,47.4,645,2288,35,30,68,55,748,131,28,36,4,56,90,6,22,21.4
Orel Mangala,BEL,Everton,MF,27.12,19,14,1261,1,0,2,0,1.1,0.6,6,34,19,0.07,0.0,0.08,0.05,,,,,37.5,0.43,0.06,22.1,437,89.2,6998,90.5,94.9,76.7,8,50,8,1,24.0,1.72,1.0,0.07,16,8,8,3,8,3,5,21,621,22,133,335,157,13,24,58.3,37.5,298,576,6,3,12,12,406,19,24,17,2,6,49,6,8,42.9
Pape Matar Sarr,SEN,Tottenham,MF,22.62,32,18,1636,3,2,6,0,3.3,1.5,29,79,50,0.17,0.11,0.18,0.08,,,,,41.9,0.72,0.1,21.7,824,87.3,12681,91.4,90.4,72.9,14,82,10,2,40.0,2.2,6.0,0.33,42,30,23,12,23,9,14,24,1134,35,238,635,279,26,25,44.0,48.0,724,1760,31,5,26,21,812,50,28,31,2,14,105,24,36,40.0
Pau Torres,ESP,Aston Villa,DF,28.28,20,20,1729,0,0,1,0,0.5,0.1,33,74,4,0.0,0.0,0.03,0.0,,,,,25.0,0.1,0.0,11.7,1032,88.3,17916,94.7,93.1,51.2,2,93,7,0,12.0,0.62,2.0,0.1,20,14,15,6,14,10,4,9,1293,209,626,595,78,15,17,88.2,11.8,803,3503,20,0,3,3,923,4,6,7,0,1,53,16,22,42.1
Paul Onuachu,NGA,Southampton,FW,30.92,23,11,984,4,1,4,0,3.3,0.5,7,12,39,0.37,0.09,0.3,0.04,,,,,43.8,1.28,0.13,10.4,151,61.4,2135,63.8,61.3,63.2,8,13,2,0,9.0,0.82,1.0,0.09,7,2,7,4,6,1,5,1,410,15,41,220,152,60,25,28.0,56.0,198,237,5,2,46,33,336,39,26,15,9,0,17,88,54,62.0
Pedro Neto,POR,Chelsea,FW,25.14,31,20,1923,4,4,8,0,2.8,5.4,110,56,220,0.19,0.19,0.13,0.25,,,,,31.4,0.75,0.08,18.9,618,78.5,10072,92.8,81.3,47.8,42,28,33,21,83.0,3.88,7.0,0.33,21,9,18,11,12,2,10,8,1008,11,87,295,642,102,91,31.9,44.0,655,2841,51,38,39,24,734,220,18,29,3,131,70,10,26,27.8
Pedro Porro,ESP,Tottenham,DF,25.63,31,26,2463,2,6,4,0,1.5,4.0,63,147,106,0.07,0.22,0.06,0.15,,,,,21.6,0.29,0.05,23.1,1324,73.5,23083,87.5,79.3,44.2,54,120,55,26,104.0,3.8,8.0,0.29,63,46,73,31,44,17,27,34,2131,124,623,772,749,30,39,33.3,61.5,1132,2677,40,5,23,17,1229,106,24,30,1,191,148,11,22,33.3
Pervis Estupiñán,ECU,Brighton,DF,27.27,27,23,2132,1,1,5,0,0.9,2.1,55,115,104,0.04,0.04,0.04,0.09,,,,,31.8,0.3,0.05,25.1,1205,83.3,18325,93.5,83.2,50.0,24,94,31,18,50.0,2.11,4.0,0.17,54,36,44,15,16,2,14,30,1702,68,424,843,452,29,29,51.7,44.8,914,2355,53,9,30,25,1035,104,33,16,3,111,135,41,26,61.2
Phil Foden,ENG,Manchester City,"MF,FW",24.92,25,19,1686,7,2,2,0,5.1,4.7,47,95,119,0.37,0.11,0.27,0.25,,,,,30.8,0.85,0.13,18.5,742,84.0,11563,90.6,89.2,59.6,42,40,35,5,84.0,4.48,9.0,0.48,12,5,17,10,12,1,11,9,1074,13,81,374,628,79,39,33.3,53.8,676,1674,30,15,35,30,840,119,5,31,3,73,58,3,8,27.3
Radu Drăgușin,ROU,Tottenham,DF,23.24,16,14,1252,0,0,1,0,0.1,0.4,7,37,2,0.0,0.0,0.01,0.03,,,,,20.0,0.07,0.0,12.7,716,85.2,13638,91.0,93.0,43.9,4,52,2,1,8.0,0.58,1.0,0.07,10,6,12,6,22,16,6,15,961,148,510,430,30,12,2,0.0,0.0,623,1666,3,0,8,2,669,2,6,10,0,1,48,33,22,60.0
Rasmus Højlund,DEN,Manchester Utd,FW,22.23,29,20,1744,4,0,2,0,3.8,1.3,26,16,83,0.21,0.0,0.2,0.06,,,,,40.0,0.52,0.16,12.8,224,76.7,2426,82.9,71.7,80.0,14,12,5,1,30.0,1.55,1.0,0.05,3,1,4,4,5,0,5,1,447,6,31,223,201,58,29,31.0,62.1,275,625,13,16,57,27,352,83,15,26,11,6,30,23,82,21.9
Rayan Aït-Nouri,ALG,Wolves,DF,23.9,33,33,2775,4,7,7,1,2.4,4.7,74,96,156,0.13,0.23,0.08,0.15,,,,,25.0,0.26,0.13,15.1,1280,83.8,17642,93.3,86.4,41.1,36,66,27,9,75.0,2.43,12.0,0.39,81,51,66,25,40,6,34,22,1898,85,519,810,592,82,112,48.2,39.3,980,2762,53,23,40,41,1155,156,28,38,5,83,131,20,28,41.7
Raúl Jiménez,MEX,Fulham,FW,33.99,34,26,2134,10,3,4,0,11.2,2.9,32,55,117,0.42,0.13,0.47,0.12,,,,,32.5,1.14,0.08,14.3,409,71.4,6193,81.2,74.5,61.2,17,34,10,3,54.0,2.28,6.0,0.25,28,18,18,12,19,5,14,9,884,30,106,377,414,148,45,40.0,53.3,496,982,20,17,61,41,652,117,35,36,14,20,70,72,83,46.5
Riccardo Calafiori,ITA,Arsenal,DF,22.95,17,11,925,2,1,4,0,0.9,0.3,21,54,29,0.19,0.1,0.08,0.03,,,,,60.0,0.58,0.2,14.1,449,85.4,6549,91.6,85.7,67.9,6,40,9,1,13.0,1.26,2.0,0.19,26,18,29,11,12,6,6,9,628,30,161,249,222,29,13,69.2,23.1,291,839,12,3,11,5,377,29,16,6,3,11,30,22,13,62.9
Rico Lewis,ENG,Manchester City,"DF,MF",20.44,26,20,1810,1,2,5,1,1.4,0.3,36,103,68,0.05,0.1,0.07,0.02,,,,,20.0,0.1,0.1,15.8,1139,92.0,16444,94.8,94.2,68.3,7,92,13,0,31.0,1.54,3.0,0.15,29,19,21,8,27,7,20,13,1399,51,286,702,426,42,21,42.9,52.4,815,2032,38,8,19,19,1002,68,10,33,0,3,93,5,13,27.8
Robert Sánchez,ESP,Chelsea,GK,27.45,28,28,2520,0,0,5,0,0.0,0.1,0,1,0,0.0,0.0,0.0,0.0,1.11,76.7,28.6,20.0,,0.0,,,790,72.1,18908,99.5,96.3,38.9,2,24,1,0,7.0,0.25,2.0,0.07,0,0,1,1,0,0,0,2,1163,856,1152,11,0,0,0,,,777,2394,0,0,0,0,724,0,2,4,0,0,41,8,0,100.0
Rodrigo Bentancur,URU,Tottenham,MF,27.85,23,19,1518,2,0,7,0,1.3,0.4,26,99,34,0.12,0.0,0.08,0.03,,,,,22.7,0.3,0.09,17.4,916,88.1,14862,91.1,92.7,75.4,10,107,12,2,45.0,2.67,3.0,0.18,38,20,39,20,24,8,16,36,1252,70,299,747,215,24,18,44.4,44.4,739,1446,23,5,18,19,826,34,31,10,1,4,111,35,27,56.5
Rodrigo Muniz,BRA,Fulham,FW,23.99,31,8,964,8,1,1,0,5.8,0.7,6,27,31,0.75,0.09,0.54,0.07,,,,,48.7,1.77,0.21,12.0,92,64.8,1540,67.6,68.9,84.6,7,13,3,0,17.0,1.59,2.0,0.19,10,5,4,0,9,2,7,5,311,14,27,161,127,55,18,33.3,50.0,157,187,4,3,47,24,237,31,11,31,3,1,14,67,63,51.5
Ryan Christie,SCO,Bournemouth,MF,30.18,29,27,2117,2,3,9,0,1.8,3.5,34,137,44,0.09,0.13,0.08,0.15,,,,,36.4,0.51,0.06,19.6,837,79.3,14882,88.2,87.9,48.8,41,118,33,5,85.0,3.62,9.0,0.38,54,33,64,37,44,11,33,30,1376,74,256,773,372,46,48,47.9,45.8,726,1773,40,8,44,25,777,44,43,31,1,48,182,20,28,41.7
Ryan Gravenberch,NED,Liverpool,MF,22.96,34,34,2921,0,4,5,0,1.0,2.9,65,168,54,0.0,0.12,0.03,0.09,,,,,27.8,0.15,0.0,24.7,1595,88.9,23774,92.5,91.7,60.8,25,140,32,1,65.0,2.0,6.0,0.18,65,34,51,21,34,10,24,57,2176,104,446,1274,485,23,75,48.0,37.3,1286,3408,71,9,48,21,1548,54,42,46,0,6,182,26,14,65.0
Ryan Manning,IRL,Southampton,"DF,MF",28.88,22,17,1369,0,1,2,0,0.3,3.0,13,32,70,0.0,0.07,0.02,0.2,,,,,14.3,0.07,0.0,20.8,572,78.1,9545,92.4,81.3,45.0,30,26,11,8,45.0,2.96,3.0,0.2,28,17,26,12,19,11,8,16,884,67,237,360,296,21,33,33.3,42.4,446,887,13,4,17,5,528,70,19,30,0,77,62,13,5,72.2
Ryan Yates,ENG,Nott'ham Forest,MF,27.44,30,17,1775,2,1,9,0,2.3,1.1,17,45,12,0.1,0.05,0.11,0.06,,,,,29.0,0.46,0.06,18.9,559,82.1,8140,88.8,85.8,55.3,17,44,4,0,35.0,1.77,3.0,0.15,40,21,36,19,34,8,26,25,948,74,253,463,242,38,18,50.0,27.8,380,850,18,1,23,18,490,12,49,46,6,3,89,43,30,58.9
Rúben Dias,POR,Manchester City,DF,27.96,23,21,1911,0,0,4,0,1.4,0.3,34,120,6,0.0,0.0,0.07,0.01,,,,,29.4,0.24,0.0,18.4,1852,93.3,31998,96.9,96.2,66.4,5,178,5,0,22.0,1.04,1.0,0.05,15,9,9,3,17,14,3,18,2133,188,711,1175,251,22,3,66.7,33.3,1524,5097,53,1,6,1,1738,6,11,8,0,3,65,30,29,50.8
Sam Morsy,EGY,Ipswich Town,MF,33.64,29,27,2419,1,1,9,0,0.3,0.8,14,103,9,0.04,0.04,0.01,0.03,,,,,22.2,0.07,0.11,26.3,1083,86.3,17344,93.3,91.5,57.5,18,127,13,2,39.0,1.45,2.0,0.07,60,34,56,31,32,13,19,28,1468,85,439,834,209,4,20,60.0,30.0,750,1715,20,2,15,10,982,9,44,23,0,12,138,16,23,41.0
Sammie Szmodics,IRL,Ipswich Town,"FW,MF",29.6,19,13,979,4,0,2,0,3.4,0.2,16,18,46,0.37,0.0,0.31,0.02,,,,,57.1,1.1,0.19,14.0,144,74.2,2402,87.0,84.4,51.7,4,10,4,1,9.0,0.83,0.0,0.0,15,9,23,17,10,2,8,6,309,17,80,119,116,33,12,33.3,50.0,174,399,8,7,24,17,189,46,9,8,8,13,41,6,11,35.3
Sander Berge,NOR,Fulham,MF,27.21,27,23,2017,0,0,4,0,0.2,0.6,27,110,8,0.0,0.0,0.01,0.03,,,,,0.0,0.0,0.0,7.6,985,91.3,17541,91.6,94.4,84.0,17,104,4,0,41.0,1.83,2.0,0.09,48,28,37,12,26,8,18,20,1255,75,345,720,196,13,20,55.0,30.0,734,1794,22,2,11,15,809,8,27,8,0,3,116,25,20,55.6
Sandro Tonali,ITA,Newcastle Utd,MF,24.98,32,24,2270,3,2,5,0,3.6,1.4,33,113,47,0.12,0.08,0.14,0.05,,,,,32.3,0.4,0.1,19.5,1090,83.7,17149,89.8,87.0,61.0,20,87,25,4,60.0,2.38,8.0,0.32,46,29,43,22,30,10,20,30,1556,60,357,860,365,40,35,54.3,37.1,839,1959,33,5,25,23,1076,47,36,40,2,30,162,12,11,52.2
Santiago Bueno,URU,Wolves,DF,26.47,27,18,1678,0,0,2,0,0.4,0.0,1,28,1,0.0,0.0,0.02,0.0,,,,,50.0,0.16,0.0,14.0,730,88.2,13408,92.4,94.0,56.7,0,24,2,0,12.0,0.64,4.0,0.21,40,21,22,5,35,20,15,15,1008,168,510,480,21,6,4,0.0,100.0,547,1429,2,0,2,2,650,1,26,5,0,0,43,34,31,52.3
Saša Lukić,SRB,Fulham,MF,28.71,27,25,2079,0,2,12,0,1.0,2.6,37,87,29,0.0,0.09,0.04,0.11,,,,,13.3,0.09,0.0,20.9,991,87.8,16673,92.2,92.3,69.2,23,93,14,5,50.0,2.17,3.0,0.13,62,36,49,30,17,7,10,25,1340,49,290,766,297,15,17,47.1,29.4,749,2013,37,4,20,7,861,29,58,25,0,53,103,18,23,43.9
Sepp van den Berg,NED,Brentford,DF,23.36,26,24,2136,0,0,2,0,1.4,0.2,8,66,27,0.0,0.0,0.06,0.01,,,,,28.6,0.17,0.0,10.9,876,83.9,15011,87.0,88.3,62.9,4,55,3,1,20.0,0.84,2.0,0.08,35,22,25,9,47,33,14,19,1329,236,673,502,157,40,7,57.1,42.9,583,1446,9,0,14,6,742,27,19,5,1,7,79,79,62,56.0
Son Heung-min,KOR,Tottenham,FW,32.81,28,23,2004,7,9,1,0,7.0,8.2,87,104,259,0.31,0.4,0.31,0.37,,,,,45.3,1.08,0.11,17.0,703,79.0,9833,89.7,80.0,48.0,50,36,51,6,116.0,5.21,15.0,0.67,17,9,23,18,10,0,10,5,1093,15,110,347,646,117,82,35.4,48.8,732,2334,45,40,25,29,837,259,5,28,11,75,81,6,11,35.3
Stefan Ortega,GER,Manchester City,GK,32.48,13,12,1100,0,0,1,0,0.0,0.0,0,0,0,0.0,0.0,0.0,0.0,1.47,68.0,25.0,0.0,,0.0,,,373,81.3,8327,97.1,96.9,51.3,0,6,0,0,0.0,0.0,0.0,0.0,0,0,1,1,0,0,0,0,492,383,489,3,0,0,0,,,323,864,0,0,0,0,309,0,1,2,0,0,8,2,0,100.0
Stephy Mavididi,ENG,Leicester City,FW,26.92,30,16,1615,4,1,2,0,1.8,2.6,91,57,138,0.22,0.06,0.1,0.15,,,,,26.9,0.39,0.15,16.1,460,75.0,6191,91.1,67.4,41.9,22,32,26,7,50.0,2.78,7.0,0.39,34,19,42,28,26,2,24,11,863,23,132,327,421,61,95,36.8,49.5,583,2355,40,27,39,35,623,138,18,18,3,69,83,9,15,37.5
Sávio,BRA,Manchester City,"FW,MF",21.05,27,21,1734,1,8,3,0,4.9,6.8,133,66,239,0.05,0.42,0.25,0.35,,,,,38.9,1.09,0.02,17.7,676,80.9,10078,89.8,80.1,57.4,44,19,47,8,107.0,5.55,15.0,0.78,22,16,18,9,13,2,11,6,1071,14,55,281,754,149,111,45.9,35.1,766,3494,44,73,42,37,834,239,17,27,3,81,79,1,2,33.3
Taylor Harwood-Bellis,ENG,Southampton,DF,23.25,31,29,2564,1,0,8,0,1.7,1.0,28,116,9,0.04,0.0,0.06,0.03,,,,,36.8,0.25,0.05,10.6,1742,88.0,32312,93.0,92.0,64.2,14,168,9,0,36.0,1.26,2.0,0.07,27,19,33,14,59,37,22,30,2268,306,1054,1051,172,38,3,100.0,0.0,1303,3584,27,0,15,5,1640,9,32,13,0,9,115,52,40,56.5
Thomas Partey,GHA,Arsenal,"MF,DF",31.88,31,27,2437,4,2,4,0,2.0,1.9,31,165,45,0.15,0.07,0.07,0.07,,,,,30.4,0.26,0.17,19.5,1486,87.7,23752,93.0,89.0,67.2,17,146,33,2,56.0,2.07,13.0,0.48,79,48,68,25,23,7,16,32,1928,64,401,1061,477,27,30,66.7,26.7,1087,3091,36,3,20,14,1373,45,39,27,1,12,120,26,21,55.3
Timothy Castagne,BEL,Fulham,DF,29.4,23,17,1625,0,1,1,0,0.4,1.2,17,61,67,0.0,0.06,0.02,0.07,,,,,37.5,0.17,0.0,14.0,768,81.8,12239,89.9,85.8,49.3,9,51,5,3,25.0,1.38,3.0,0.17,46,29,45,19,15,6,9,22,1149,91,444,458,253,32,12,41.7,41.7,542,1043,15,2,15,5,657,67,15,6,1,37,55,34,35,49.3
Tomáš Souček,CZE,West Ham,MF,30.17,31,26,2251,8,1,8,0,5.9,1.0,6,68,62,0.32,0.04,0.24,0.04,,,,,28.0,0.56,0.16,11.2,623,73.8,10461,79.1,76.9,69.8,14,58,8,1,43.0,1.72,3.0,0.12,40,19,37,17,34,17,17,18,1115,110,309,544,266,96,11,54.5,45.5,433,456,10,3,17,10,666,62,41,24,4,11,52,90,65,58.1
Tosin Adarabioyo,ENG,Chelsea,DF,27.6,20,13,1229,1,1,3,0,0.9,0.2,5,37,1,0.07,0.07,0.07,0.02,,,,,16.7,0.15,0.08,12.5,988,91.4,18105,95.7,94.9,61.1,1,53,1,0,12.0,0.88,1.0,0.07,14,10,12,4,9,7,2,10,1198,160,570,603,26,13,5,80.0,0.0,713,1690,2,0,3,0,916,1,8,6,1,0,34,36,26,58.1
Toti Gomes,POR,Wolves,DF,26.28,27,26,2254,0,1,6,0,0.7,0.9,21,67,13,0.0,0.04,0.03,0.04,,,,,28.6,0.08,0.0,11.6,1230,85.2,20629,91.6,92.1,50.0,9,71,5,3,20.0,0.8,1.0,0.04,51,37,35,7,27,17,10,22,1713,198,810,830,92,15,26,65.4,26.9,993,2590,18,0,16,13,1163,13,22,14,4,12,95,47,24,66.2
Trent Alexander-Arnold,ENG,Liverpool,DF,26.56,30,27,2240,3,6,5,0,1.8,6.7,49,211,87,0.12,0.24,0.07,0.27,,,,,19.0,0.32,0.07,23.5,1357,73.6,26053,89.8,76.1,49.3,50,192,62,20,93.0,3.73,10.0,0.4,70,49,101,53,25,8,17,30,2111,85,565,942,618,42,31,45.2,48.4,1109,2732,35,8,19,15,1342,87,11,7,1,142,126,3,13,18.8
Trevoh Chalobah,ENG,Crystal Palace,DF,25.82,12,12,1060,3,0,1,0,1.2,0.4,11,34,6,0.25,0.0,0.1,0.03,,,,,36.4,0.34,0.27,15.1,349,79.0,6831,88.7,85.2,51.2,4,27,2,1,11.0,0.93,0.0,0.0,20,16,23,11,19,9,10,19,594,66,275,276,51,14,10,60.0,20.0,278,661,9,1,4,7,317,6,10,15,1,7,56,22,19,53.7
Tyler Adams,USA,Bournemouth,MF,26.21,24,17,1620,0,3,7,0,1.6,0.9,12,61,9,0.0,0.17,0.09,0.05,,,,,25.0,0.11,0.0,16.1,702,82.9,10949,88.2,87.1,55.8,15,53,2,1,36.0,2.0,4.0,0.22,75,46,63,28,33,10,23,31,1091,52,291,623,189,17,16,18.8,56.3,513,1080,17,1,27,12,583,9,41,19,0,3,96,29,17,63.0
Tyler Dibling,ENG,Southampton,"FW,MF",19.13,30,18,1697,2,0,6,0,2.5,1.5,67,60,90,0.11,0.0,0.13,0.08,,,,,32.1,0.48,0.07,19.3,462,80.8,6935,90.2,85.1,44.4,20,25,20,1,55.0,2.92,4.0,0.21,34,20,26,10,19,5,14,8,807,24,106,369,351,40,103,42.7,36.9,520,2096,47,26,41,53,604,90,28,48,2,27,74,10,21,32.3
Tyrick Mitchell,ENG,Crystal Palace,DF,25.66,34,34,2852,0,4,2,0,1.2,5.6,56,62,160,0.0,0.13,0.04,0.18,,,,,18.2,0.06,0.0,13.4,904,72.2,14514,84.3,74.5,42.3,37,45,31,14,66.0,2.08,5.0,0.16,85,52,41,20,62,12,50,14,1614,104,560,615,452,42,31,41.9,48.4,742,1555,33,9,35,28,827,160,20,22,2,97,152,18,21,46.2
Tyrone Mings,ENG,Aston Villa,DF,32.13,13,11,1051,0,0,1,0,0.8,0.2,6,39,0,0.0,0.0,0.07,0.02,,,,,11.1,0.09,0.0,11.8,581,88.6,10405,92.7,94.3,54.0,3,47,5,0,17.0,1.45,2.0,0.17,6,5,2,0,13,11,2,7,767,139,388,340,43,15,2,100.0,0.0,472,1333,12,0,3,1,523,0,3,9,0,1,33,26,21,55.3
Valentino Livramento,ENG,Newcastle Utd,DF,22.46,33,28,2480,0,1,1,0,0.2,2.3,72,136,91,0.0,0.04,0.01,0.08,,,,,20.0,0.04,0.0,20.6,1228,85.0,18159,90.7,86.3,56.4,21,94,23,5,39.0,1.42,2.0,0.07,50,33,54,25,33,10,23,21,1728,105,553,796,404,32,48,43.8,41.7,900,2878,37,11,25,34,994,91,6,32,2,44,170,22,30,42.3
Victor Bernth Kristiansen,DEN,Leicester City,DF,22.37,28,28,2380,0,1,1,0,0.3,1.4,39,69,75,0.0,0.04,0.01,0.05,,,,,0.0,0.0,0.0,17.7,1007,77.6,16181,89.6,80.1,41.4,18,74,23,18,41.0,1.55,3.0,0.11,85,50,87,40,37,14,23,40,1581,113,564,711,319,15,17,47.1,47.1,800,1806,25,5,13,12,872,75,17,17,3,96,97,19,42,31.1
Virgil van Dijk,NED,Liverpool,DF,33.81,34,34,3060,2,1,3,0,2.0,0.7,18,176,6,0.06,0.03,0.06,0.02,,,,,29.2,0.21,0.08,13.6,2446,91.6,44780,96.0,95.4,67.9,12,265,6,0,46.0,1.35,4.0,0.12,35,17,20,9,24,13,11,52,3010,400,1203,1664,151,44,5,60.0,40.0,1682,4398,20,3,9,5,2063,6,15,12,0,1,108,110,45,71.0
Vitaliy Mykolenko,UKR,Everton,DF,25.92,31,31,2722,0,1,2,0,0.4,1.6,31,102,83,0.0,0.03,0.01,0.05,,,,,0.0,0.0,0.0,20.5,874,74.3,14736,88.8,74.1,45.2,20,96,37,22,37.0,1.22,3.0,0.1,54,32,50,25,24,9,15,36,1489,112,471,641,388,26,20,40.0,45.0,608,1416,26,1,20,10,753,83,20,28,3,86,77,44,36,55.0
Vitaly Janelt,GER,Brentford,MF,26.97,32,27,2254,1,3,3,0,0.8,2.2,17,80,38,0.04,0.12,0.03,0.09,,,,,28.6,0.16,0.07,17.7,872,82.5,14466,90.6,85.4,55.9,14,78,23,7,32.0,1.28,3.0,0.12,38,22,36,15,33,9,24,27,1289,118,418,574,306,32,12,25.0,58.3,652,1278,18,3,16,10,814,38,24,15,1,30,107,19,11,63.3
Wes Burns,WAL,Ipswich Town,"FW,DF",30.43,18,12,926,0,1,1,0,0.5,1.6,38,8,65,0.0,0.1,0.05,0.16,,,,,14.3,0.1,0.0,18.3,153,60.5,2416,80.4,65.4,38.9,10,8,8,7,16.0,1.55,1.0,0.1,13,11,10,6,7,2,5,10,350,21,69,129,160,18,24,37.5,58.3,216,696,13,10,17,13,220,65,4,11,0,46,50,8,21,27.6
Wesley Fofana,FRA,Chelsea,DF,24.37,14,14,1172,0,0,7,0,0.4,0.4,19,32,4,0.0,0.0,0.03,0.03,,,,,0.0,0.0,0.0,10.6,724,90.2,12262,93.9,92.5,61.9,6,54,1,0,15.0,1.15,0.0,0.0,13,12,14,8,14,9,5,14,933,81,370,523,55,10,15,53.3,20.0,557,1614,12,1,16,5,665,4,24,16,0,1,54,27,12,69.2
Wilfred Ndidi,NGA,Leicester City,MF,28.37,25,25,2057,0,4,8,0,1.8,1.8,16,64,74,0.0,0.18,0.08,0.08,,,,,40.0,0.35,0.0,14.5,717,79.3,10136,86.6,80.7,51.6,15,61,10,3,26.0,1.14,3.0,0.13,77,46,51,26,45,19,26,24,1226,112,410,588,238,58,32,40.6,53.1,585,971,22,2,34,33,720,74,38,17,3,30,114,53,51,51.0
Will Hughes,ENG,Crystal Palace,MF,30.04,29,21,1869,0,3,11,0,1.0,2.7,18,82,24,0.0,0.14,0.05,0.13,,,,,5.3,0.05,0.0,22.6,658,76.1,10532,88.6,82.7,36.7,29,69,14,3,61.0,2.94,6.0,0.29,61,33,59,32,29,14,15,19,1070,41,253,551,278,14,14,28.6,42.9,469,1120,22,1,19,24,594,24,60,30,0,65,107,17,17,50.0
William Saliba,FRA,Arsenal,DF,24.1,32,32,2814,2,0,2,1,2.3,0.9,16,134,6,0.06,0.0,0.07,0.03,,,,,33.3,0.06,0.33,5.4,2273,94.2,39201,95.7,96.1,80.4,7,175,6,0,26.0,0.83,1.0,0.03,58,34,26,6,23,14,9,21,2657,173,1036,1495,141,18,18,66.7,27.8,1642,3937,17,1,17,7,2013,6,27,17,1,3,140,57,35,62.0
Wout Faes,BEL,Leicester City,DF,27.07,30,26,2455,1,0,4,0,1.4,0.1,12,74,1,0.04,0.0,0.05,0.0,,,,,9.1,0.04,0.09,10.0,1175,87.1,21767,93.4,94.8,52.7,4,76,6,0,14.0,0.51,0.0,0.0,38,23,42,20,45,33,12,26,1653,270,809,785,67,26,6,83.3,16.7,953,2602,13,2,16,6,1085,1,21,9,1,5,84,41,34,54.7
Yankuba Minteh,GAM,Brighton,"FW,MF",20.77,28,16,1498,5,4,6,0,3.7,4.7,68,37,159,0.3,0.24,0.22,0.29,,,,,46.4,0.78,0.18,13.6,283,61.7,4572,77.6,61.6,46.7,25,12,28,7,52.0,3.13,10.0,0.6,43,31,45,28,17,0,17,10,687,27,122,194,389,118,81,46.9,44.4,392,1681,18,54,42,19,405,159,17,9,4,73,73,16,25,39.0
Yasin Ayari,SWE,Brighton,MF,21.56,30,19,1737,1,1,3,0,2.2,2.2,30,66,59,0.05,0.05,0.12,0.11,,,,,28.0,0.36,0.04,19.0,707,81.4,10616,91.6,85.0,37.5,28,51,17,4,58.0,3.0,6.0,0.31,53,29,50,30,22,6,16,20,1103,52,243,560,316,43,41,41.5,36.6,581,1389,25,6,32,21,712,59,31,23,3,64,105,13,19,40.6
Yehor Yarmoliuk,UKR,Brentford,MF,21.16,26,10,1039,0,0,4,0,0.6,0.3,12,45,42,0.0,0.0,0.05,0.02,,,,,22.2,0.17,0.0,15.9,471,86.1,8216,87.3,88.8,84.7,6,56,6,3,18.0,1.56,2.0,0.17,34,22,43,22,23,6,17,9,703,45,195,359,164,14,20,45.0,45.0,365,605,14,2,23,16,434,42,11,8,2,13,83,7,5,58.3
Yoane Wissa,COD,Brentford,FW,28.65,30,29,2470,16,3,2,0,14.9,1.8,48,56,131,0.58,0.11,0.54,0.07,,,,,45.9,1.24,0.22,13.7,394,77.1,5724,86.4,75.3,61.0,23,40,9,1,58.0,2.11,8.0,0.29,18,8,23,14,25,5,20,8,801,29,124,325,365,138,43,27.9,51.2,472,1345,20,26,62,27,569,131,26,44,14,20,61,28,31,47.5
Youri Tielemans,BEL,Aston Villa,MF,27.98,34,34,2915,2,7,4,0,3.0,6.9,37,226,44,0.06,0.22,0.09,0.21,,,,,30.6,0.34,0.06,20.4,1639,82.4,28103,90.1,87.6,53.8,59,221,35,4,116.0,3.58,12.0,0.37,82,56,72,33,36,15,21,21,2296,97,460,1324,537,41,57,52.6,31.6,1242,2466,26,9,30,28,1610,44,40,53,0,115,140,22,18,55.0
Yukinari Sugawara,JPN,Southampton,"DF,MF",24.84,29,15,1467,1,1,4,0,0.5,2.2,32,68,76,0.06,0.06,0.03,0.14,,,,,38.5,0.31,0.08,19.2,689,79.9,10831,88.2,82.9,47.9,17,43,21,9,39.0,2.39,1.0,0.06,29,16,30,12,17,7,10,10,1023,61,306,395,327,29,20,45.0,50.0,553,1354,15,7,18,4,692,76,15,9,4,69,40,5,9,35.7
Yves Bissouma,MLI,Tottenham,MF,28.67,24,15,1210,2,0,7,0,0.6,0.3,15,71,3,0.15,0.0,0.04,0.02,,,,,40.0,0.3,0.2,23.2,693,89.4,10536,92.9,93.4,63.2,6,57,10,1,15.0,1.12,0.0,0.0,44,28,32,15,7,4,3,14,938,58,261,535,148,5,21,33.3,66.7,564,1513,17,0,22,13,657,3,22,18,0,2,71,4,7,36.4
Álex Moreno,ESP,Nott'ham Forest,"DF,MF",31.89,15,11,955,0,1,2,0,0.2,1.3,26,34,34,0.0,0.09,0.02,0.12,,,,,0.0,0.0,0.0,23.7,308,72.0,4574,87.6,64.2,35.0,8,25,9,2,16.0,1.51,2.0,0.19,25,18,39,24,11,5,6,15,559,60,210,202,158,8,21,38.1,38.1,229,864,16,4,13,6,258,34,12,6,0,19,50,3,11,21.4
İlkay Gündoğan,GER,Manchester City,MF,34.52,30,22,1967,0,5,1,0,2.7,2.7,55,113,81,0.0,0.23,0.13,0.12,,,,,20.0,0.23,0.0,18.3,1374,89.3,21191,94.2,92.1,62.3,36,93,21,2,72.0,3.29,10.0,0.46,24,13,23,13,14,0,14,13,1707,43,254,825,648,56,35,45.7,37.1,1016,2735,52,9,25,23,1330,81,14,21,0,57,104,13,11,54.2
Łukasz Fabiański,POL,West Ham,GK,40.03,13,12,1070,0,0,2,0,0.0,0.0,0,0,0,0.0,0.0,0.0,0.0,1.68,74.6,16.7,0.0,,0.0,,,304,67.0,8756,100.0,99.3,41.3,0,4,0,0,3.0,0.25,0.0,0.0,0,0,1,1,0,0,0,0,488,382,483,5,0,0,2,100.0,0.0,258,845,0,0,0,0,227,0,2,1,0,0,5,2,1,66.7
